ID_M_CUENTAS_CONTABLES;ID_M_USUARIOS;NOMBRE_USUARIO;ID_M_AREAS;FECHA;FECHA_REGISTRO;ACCION;UNICO;BARCODE;ID;ID_EMPRESA;CAMPO1;CAMPO2;CAMPO3;CAMPO4;CAMPO5;ESTATUS;NOMBRES;CONTABLE;NIVEL;COMENTARIOS;CONDICION_COLOR;XNOMBRES;TIPO;LONGITUD;CLASE
0015414;;;;2017-02-08 20:13:15;2015-08-16 15:27:13;I;;;5414;001;;;;;;ACT;ACTIVO;1;1;;1;ACTIVO;REA;1;MAY
0015415;;;;2017-02-08 20:13:15;2015-08-16 15:27:13;I;;;5415;001;;;;;;ACT;ACTIVO CORRIENTE;101;2;;1;      ACTIVO CORRIENTE;REA;3;MAY
0015416;;;;2017-02-08 20:13:14;2015-08-16 15:27:13;I;;;5416;001;;;;;;ACT;EFECTIVO Y EQUIVALENTE DE EFECTIVO;10101;3;;1;        EFECTIVO Y EQUIVALENTE DE EFECTIVO;REA;5;MAY
0015417;001176;;;2017-02-08 20:13:14;2015-08-16 15:27:13;U;79E80F2BCB1E1541D63227ED403A5D97;;5417;001;;;;;;ACT;CAJA CHICA;1010101;4;;1;          CAJA CHICA;REA;7;MAY
0015418;;;;2017-02-08 20:13:14;2015-08-16 15:27:13;I;;;5418;001;;;;;;ACT;CAJA CHICA QUITO;101010101;5;;1;            CAJA CHICA QUITO;REA;9;AUX
0015419;;;;2017-02-08 20:13:14;2015-08-16 15:27:13;I;;;5419;001;;;;;;ACT;CAJA CHICA GUAYAQUIL;101010102;5;;1;            CAJA CHICA GUAYAQUIL;REA;9;AUX
0015420;;;;2017-02-08 20:13:14;2015-08-16 15:27:13;I;;;5420;001;;;;;;ACT;CAJA GENERAL;1010102;4;;1;          CAJA GENERAL;REA;7;MAY
0015421;;;;2017-02-08 20:13:14;2015-08-16 15:27:13;I;;;5421;001;;;;;;ACT;CAJA EFECTIVO INTEGRACION VINFACA;101010201;5;;1;            CAJA EFECTIVO INTEGRACION VINFACA;REA;9;AUX
0015422;;;;2017-02-08 20:13:14;2015-08-16 15:27:13;I;;;5422;001;;;;;;ACT;CRÉDITOS Y DÉBITOS POR IDENTIFICAR;101010202;5;;1;            CRÉDITOS Y DÉBITOS POR IDENTIFICAR;REA;9;AUX
0015423;;;;2017-02-08 20:13:14;2015-08-16 15:27:13;I;;;5423;001;;;;;;ACT;BANCOS;1010103;4;;1;          BANCOS;REA;7;MAY
0015424;;;;2017-02-08 20:13:14;2015-08-16 15:27:13;I;;;5424;001;;;;;;ACT;PICHICHA ECUADOR CORRIENTE (308723004);101010301;5;;1;            PICHICHA ECUADOR CORRIENTE (308723004);REA;9;AUX
0015425;;;;2017-02-08 20:13:14;2015-08-16 15:27:13;I;;;5425;001;;;;;;ACT;PICHICHA ECUADOR AHORROS (220046571);101010302;5;;1;            PICHICHA ECUADOR AHORROS (220046571);REA;9;AUX
0015426;;;;2017-02-08 20:13:14;2015-08-16 15:27:13;I;;;5426;001;;;;;;ACT;PICHICHA MIAMI (023118897);101010303;5;;1;            PICHICHA MIAMI (023118897);REA;9;AUX
0015427;;;;2017-02-08 20:13:14;2015-08-16 15:27:14;I;;;5427;001;;;;;;ACT;PRODUBANCO (02002024213);101010304;5;;1;            PRODUBANCO (02002024213);REA;9;AUX
0015428;;;;2017-02-08 20:13:15;2015-08-16 15:27:14;I;;;5428;001;;;;;;ACT;ACTIVOS FINANCIEROS;10102;3;;1;        ACTIVOS FINANCIEROS;REA;5;MAY
0015429;;;;2017-02-08 20:13:14;2015-08-16 15:27:14;I;;;5429;001;;;;;;ACT;ACTIVOS FINANCIEROS A VALOR RAZONABLE CON CAMBIOS;1010201;4;;1;          ACTIVOS FINANCIEROS A VALOR RAZONABLE CON CAMBIOS;REA;7;AUX
0015430;;;;2017-02-08 20:13:14;2015-08-16 15:27:14;I;;;5430;001;;;;;;ACT;ACTIVOS FINANCIEROS DISPONIBLES PARA LA VENTA;1010202;4;;1;          ACTIVOS FINANCIEROS DISPONIBLES PARA LA VENTA;REA;7;AUX
0015431;;;;2017-02-08 20:13:14;2015-08-16 15:27:14;I;;;5431;001;;;;;;ACT;ACTIVOS FINANCIEROS MANTENIDOS HASTA EL VENCIMIENT;1010203;4;;1;          ACTIVOS FINANCIEROS MANTENIDOS HASTA EL VENCIMIENT;REA;7;MAY
0015432;;;;2017-02-08 20:13:14;2015-08-16 15:27:14;I;;;5432;001;;;;;;ACT;DINERS CLUB;101020301;5;;1;            DINERS CLUB;REA;9;AUX
0015433;;;;2017-02-08 20:13:14;2015-08-16 15:27:14;I;;;5433;001;;;;;;ACT;EQUINOX S.A.;101020302;5;;1;            EQUINOX S.A.;REA;9;AUX
0015434;;;;2017-02-08 20:13:14;2015-08-16 15:27:14;I;;;5434;001;;;;;;ACT;REVNI SURPAPELCORP S.A.;101020303;5;;1;            REVNI SURPAPELCORP S.A.;REA;9;AUX
0015435;;;;2017-02-08 20:13:14;2015-08-16 15:27:14;I;;;5435;001;;;;;;ACT;BANCO PICHINCHA C.A.;101020304;5;;1;            BANCO PICHINCHA C.A.;REA;9;AUX
0015436;;;;2017-02-08 20:13:14;2015-08-16 15:27:14;I;;;5436;001;;;;;;ACT;REVNI INCASA;101020305;5;;1;            REVNI INCASA;REA;9;AUX
0015437;;;;2017-02-08 20:13:14;2015-08-16 15:27:14;I;;;5437;001;;;;;;ACT;AUTOMOTORES LATINOAMERICANOS S.A. AUTOLASA;101020306;5;;1;            AUTOMOTORES LATINOAMERICANOS S.A. AUTOLASA;REA;9;AUX
0015438;;;;2017-02-08 20:13:14;2015-08-16 15:27:14;I;;;5438;001;;;;;;ACT;BANCO DE GUAYAQUIL S.A.;101020307;5;;1;            BANCO DE GUAYAQUIL S.A.;REA;9;AUX
0015439;;;;2017-02-08 20:13:14;2015-08-16 15:27:14;I;;;5439;001;;;;;;ACT;(-) PROVISION POR DETERIORO;1010204;4;;1;          (-) PROVISION POR DETERIORO;REA;7;AUX
0015440;;;;2017-02-08 20:13:14;2015-08-16 15:27:14;I;;;5440;001;;;;;;ACT;DOCUMENTOS Y CUENTAS POR COBRAR CLIENTES NO RELACI;1010205;4;;1;          DOCUMENTOS Y CUENTAS POR COBRAR CLIENTES NO RELACI;REA;7;MAY
0015441;;;;2017-02-08 20:13:14;2015-08-16 15:27:14;I;;;5441;001;;;;;;ACT;DE ACTIVIDADES ORDINARIAS QUE GENEREN INTERESES;101020501;5;;1;            DE ACTIVIDADES ORDINARIAS QUE GENEREN INTERESES;REA;9;AUX
0015442;;;;2017-02-08 20:13:14;2015-08-16 15:27:14;I;;;5442;001;;;;;;ACT;DE ACTIVIDADES ORDINARIAS QUE NO GENEREN INTERESES;101020502;5;;1;            DE ACTIVIDADES ORDINARIAS QUE NO GENEREN INTERESES;REA;9;MAY
0015443;;;;2017-02-08 20:13:14;2015-08-16 15:27:14;I;;;5443;001;;;;;;ACT;CLIENTES VINFACA;10102050201;6;;1;              CLIENTES VINFACA;REA;11;AUX
0015444;;;;2017-02-08 20:13:14;2015-08-16 15:27:14;I;;;5444;001;;;;;;ACT;CLIENTES - CHEQUES POSFECHADOS;10102050202;6;;1;              CLIENTES - CHEQUES POSFECHADOS;REA;11;AUX
0015445;;;;2017-02-08 20:13:14;2015-08-16 15:27:14;I;;;5445;001;;;;;;ACT;CLIENTES - CHEQUES NO DEPOSITADOS;10102050203;6;;1;              CLIENTES - CHEQUES NO DEPOSITADOS;REA;11;AUX
0015446;;;;2017-02-08 20:13:14;2015-08-16 15:27:14;I;;;5446;001;;;;;;ACT;CLIENTES - CHEQUES DEVUELTOS;10102050204;6;;1;              CLIENTES - CHEQUES DEVUELTOS;REA;11;AUX
0015447;;;;2017-02-08 20:13:14;2015-08-16 15:27:14;I;;;5447;001;;;;;;ACT;TARJETAS DE CREDITO;10102050205;6;;1;              TARJETAS DE CREDITO;REA;11;AUX
0015448;;;;2017-02-08 20:13:14;2015-08-16 15:27:14;I;;;5448;001;;;;;;ACT;DOCUMENTOS Y CUENTAS POR COBRAR CLIENTES RELACI;1010206;4;;1;          DOCUMENTOS Y CUENTAS POR COBRAR CLIENTES RELACI;REA;7;AUX
0015449;;;;2017-02-08 20:13:15;2015-08-16 15:27:14;I;;;5449;001;;;;;;ACT;OTRAS CUENTAS POR COBRAR RELACIONADAS;1010207;4;;1;          OTRAS CUENTAS POR COBRAR RELACIONADAS;REA;7;MAY
0015450;;;;2017-02-08 20:13:14;2015-08-16 15:27:14;I;;;5450;001;;;;;;ACT;ACCIONISTA ROMERO DENNIS;101020701;5;;1;            ACCIONISTA ROMERO DENNIS;REA;9;AUX
0015451;;;;2017-02-08 20:13:15;2015-08-16 15:27:14;I;;;5451;001;;;;;;ACT;ACCIONISTA ROMERO BRYAN;101020702;5;;1;            ACCIONISTA ROMERO BRYAN;REA;9;AUX
0015452;;;;2017-02-08 20:13:15;2015-08-16 15:27:14;I;;;5452;001;;;;;;ACT;OTRAS CUENTAS POR COBRAR;1010208;4;;1;          OTRAS CUENTAS POR COBRAR;REA;7;MAY
0015453;;;;2017-02-08 20:13:15;2015-08-16 15:27:14;I;;;5453;001;;;;;;ACT;COMPRAS EMPLEADOS;101020801;5;;1;            COMPRAS EMPLEADOS;REA;9;AUX
0015454;;;;2017-02-08 20:13:15;2015-08-16 15:27:14;I;;;5454;001;;;;;;ACT;SEGURO MEDICO (SALUD);101020802;5;;1;            SEGURO MEDICO (SALUD);REA;9;AUX
0015455;;;;2017-02-08 20:13:15;2015-08-16 15:27:14;I;;;5455;001;;;;;;ACT;IMP RENTA RELACION DPENDENCIA AÑO 2013;101020803;5;;1;            IMP RENTA RELACION DPENDENCIA AÑO 2013;REA;9;AUX
0015456;;;;2017-02-08 20:13:15;2015-08-16 15:27:14;I;;;5456;001;;;;;;ACT;COMPRAS TARJETAS DE CREDITO;101020804;5;;1;            COMPRAS TARJETAS DE CREDITO;REA;9;AUX
0015457;;;;2017-02-08 20:13:15;2015-08-16 15:27:14;I;;;5457;001;;;;;;ACT;IMP RENTA RELACION DPENDENCIA AÑO 2014;101020805;5;;1;            IMP RENTA RELACION DPENDENCIA AÑO 2014;REA;9;AUX
0015458;;;;2017-02-08 20:13:15;2015-08-16 15:27:14;I;;;5458;001;;;;;;ACT;(-) PROVISIAN CUENTAS INCOBRABLES;1010209;4;;1;          (-) PROVISIAN CUENTAS INCOBRABLES;REA;7;MAY
0015459;;;;2017-02-08 20:13:15;2015-08-16 15:27:14;I;;;5459;001;;;;;;ACT;(-) PROVISIÓN CUENTAS INCOBRABLES CLIENTES;101020901;5;;1;            (-) PROVISIÓN CUENTAS INCOBRABLES CLIENTES;REA;9;AUX
0015460;;;;2017-02-08 20:13:15;2015-08-16 15:27:14;I;;;5460;001;;;;;;ACT;INVENTARIOS;10103;3;;1;        INVENTARIOS;REA;5;MAY
0015461;;;;2017-02-08 20:13:15;2015-08-16 15:27:14;I;;;5461;001;;;;;;ACT;INVENTARIOS DE MATERIA PRIMA;1010301;4;;1;          INVENTARIOS DE MATERIA PRIMA;REA;7;AUX
0015462;;;;2017-02-08 20:13:15;2015-08-16 15:27:14;I;;;5462;001;;;;;;ACT;INVENTARIOS DE PRODUCTOS EN PROCESO;1010302;4;;1;          INVENTARIOS DE PRODUCTOS EN PROCESO;REA;7;AUX
0015463;;;;2017-02-08 20:13:15;2015-08-16 15:27:14;I;;;5463;001;;;;;;ACT;INVENTARIOS DE SUMINISTROS O MATERIALES A SER CONS;1010303;4;;1;          INVENTARIOS DE SUMINISTROS O MATERIALES A SER CONS;REA;7;AUX
0015464;;;;2017-02-08 20:13:15;2015-08-16 15:27:14;I;;;5464;001;;;;;;ACT;INVENTARIOS DE PROD. TERM. Y MER. EN ALMACÉN -COM.;1010306;4;;1;          INVENTARIOS DE PROD. TERM. Y MER. EN ALMACÉN -COM.;REA;7;MAY
0015465;;;;2017-02-08 20:13:15;2015-08-16 15:27:14;I;;;5465;001;;;;;;ACT;INVENTARIO MERCADERIA;101030601;5;;1;            INVENTARIO MERCADERIA;REA;9;AUX
0015466;;;;2017-02-08 20:13:15;2015-08-16 15:27:14;I;;;5466;001;;;;;;ACT;IMPORTACIONES EN TR¦NSITO;1010307;4;;1;          IMPORTACIONES EN TR¦NSITO;REA;7;MAY
0015467;;;;2017-02-08 20:13:15;2015-08-16 15:27:14;I;;;5467;001;;;;;;ACT;IMP - 010115;101030726;5;;1;            IMP - 010115;REA;9;AUX
0015468;;;;2017-02-08 20:13:15;2015-08-16 15:27:14;I;;;5468;001;;;;;;ACT;IMP - 020315;101030727;5;;1;            IMP - 020315;REA;9;AUX
0015469;;;;2017-02-08 20:13:15;2015-08-16 15:27:14;I;;;5469;001;;;;;;ACT;IMP - 030315;101030728;5;;1;            IMP - 030315;REA;9;AUX
0015470;;;;2017-02-08 20:13:15;2015-08-16 15:27:14;I;;;5470;001;;;;;;ACT;(-) PROVISIAN DE INVENTARIOS POR VALOR NETO DE REA;1010313;4;;1;          (-) PROVISIAN DE INVENTARIOS POR VALOR NETO DE REA;REA;7;MAY
0015471;;;;2017-02-08 20:13:15;2015-08-16 15:27:14;I;;;5471;001;;;;;;ACT;(-) PROV. INVENTARIOS POR DETERIORO;101031301;5;;1;            (-) PROV. INVENTARIOS POR DETERIORO;REA;9;AUX
0015472;;;;2017-02-08 20:13:15;2015-08-16 15:27:14;I;;;5472;001;;;;;;ACT;SERVICIOS Y OTROS PAGOS ANTICIPADOS;10104;3;;1;        SERVICIOS Y OTROS PAGOS ANTICIPADOS;REA;5;MAY
0015473;;;;2017-02-08 20:13:15;2015-08-16 15:27:14;I;;;5473;001;;;;;;ACT;SEGUROS PAGADOS POR ANTICIPADO;1010401;4;;1;          SEGUROS PAGADOS POR ANTICIPADO;REA;7;MAY
0015474;;;;2017-02-08 20:13:15;2015-08-16 15:27:14;I;;;5474;001;;;;;;ACT;SEGUROS ANTICIPADOS;101040101;5;;1;            SEGUROS ANTICIPADOS;REA;9;AUX
0015475;;;;2017-02-08 20:13:15;2015-08-16 15:27:14;I;;;5475;001;;;;;;ACT;ARRIENDOS PAGADOS POR ANTICIPADO;1010402;4;;1;          ARRIENDOS PAGADOS POR ANTICIPADO;REA;7;MAY
0015476;;;;2017-02-08 20:13:15;2015-08-16 15:27:14;I;;;5476;001;;;;;;ACT;ARRIENDO OFICINAS - QUITO;101040201;5;;1;            ARRIENDO OFICINAS - QUITO;REA;9;AUX
0015477;;;;2017-02-08 20:13:15;2015-08-16 15:27:14;I;;;5477;001;;;;;;ACT;ANTICIPOS A PROVEEDORES;1010403;4;;1;          ANTICIPOS A PROVEEDORES;REA;7;MAY
0015478;;;;2017-02-08 20:13:15;2015-08-16 15:27:14;I;;;5478;001;;;;;;ACT;ANTICIPO COMPRA ACTIVOS FIJOS;101040301;5;;1;            ANTICIPO COMPRA ACTIVOS FIJOS;REA;9;AUX
0015479;;;;2017-02-08 20:13:15;2015-08-16 15:27:14;I;;;5479;001;;;;;;ACT;ANTICIPO SERVICIOS PRESTADOS;101040302;5;;1;            ANTICIPO SERVICIOS PRESTADOS;REA;9;AUX
0015480;;;;2017-02-08 20:13:15;2015-08-16 15:27:14;I;;;5480;001;;;;;;ACT;ANTICIPO SERVICIOS DE LIMPIEZA;101040303;5;;1;            ANTICIPO SERVICIOS DE LIMPIEZA;REA;9;AUX
0015481;;;;2017-02-08 20:13:15;2015-08-16 15:27:14;I;;;5481;001;;;;;;ACT;ANTICIPO SERVICIOS DE GUARDIANIA;101040304;5;;1;            ANTICIPO SERVICIOS DE GUARDIANIA;REA;9;AUX
0015482;;;;2017-02-08 20:13:15;2015-08-16 15:27:14;I;;;5482;001;;;;;;ACT;ANTICIPO INEN;101040305;5;;1;            ANTICIPO INEN;REA;9;AUX
0015483;;;;2017-02-08 20:13:15;2015-08-16 15:27:14;I;;;5483;001;;;;;;ACT;ANTICIPO AGENTE DE ADUANA (LUCIA AGUINAGA);101040306;5;;1;            ANTICIPO AGENTE DE ADUANA (LUCIA AGUINAGA);REA;9;AUX
0015484;;;;2017-02-08 20:13:15;2015-08-16 15:27:14;I;;;5484;001;;;;;;ACT;ANTICIPO A LABORATORIOS NATTURA;101040307;5;;1;            ANTICIPO A LABORATORIOS NATTURA;REA;9;AUX
0015485;;;;2017-02-08 20:13:15;2015-08-16 15:27:14;I;;;5485;001;;;;;;ACT;ANTICIPO XIMENA VANSTRAHLEN;101040308;5;;1;            ANTICIPO XIMENA VANSTRAHLEN;REA;9;AUX
0015486;;;;2017-02-08 20:13:15;2015-08-16 15:27:14;I;;;5486;001;;;;;;ACT;ANTICIPO STALIN CERON;101040309;5;;1;            ANTICIPO STALIN CERON;REA;9;AUX
0015487;;;;2017-02-08 20:13:15;2015-08-16 15:27:14;I;;;5487;001;;;;;;ACT;ANTICIPO ANTONIO CORREA;101040310;5;;1;            ANTICIPO ANTONIO CORREA;REA;9;AUX
0015488;;;;2017-02-08 20:13:15;2015-08-16 15:27:14;I;;;5488;001;;;;;;ACT;ANTICIPO SECRETARIA NACIONAL DE ADUANA DEL ECUADOR;101040311;5;;1;            ANTICIPO SECRETARIA NACIONAL DE ADUANA DEL ECUADOR;REA;9;AUX
0015489;;;;2017-02-08 20:13:15;2015-08-16 15:27:14;I;;;5489;001;;;;;;ACT;ANTICIPO JIMENEZ VIRGINIA;101040312;5;;1;            ANTICIPO JIMENEZ VIRGINIA;REA;9;AUX
0015490;;;;2017-02-08 20:13:15;2015-08-16 15:27:14;I;;;5490;001;;;;;;ACT;ANTICIPO MOLINA ANGELINE;101040313;5;;1;            ANTICIPO MOLINA ANGELINE;REA;9;AUX
0015491;;;;2017-02-08 20:13:15;2015-08-16 15:27:14;I;;;5491;001;;;;;;ACT;ANTICIPO PANATLANTIC LOGISTIC S.A.;101040314;5;;1;            ANTICIPO PANATLANTIC LOGISTIC S.A.;REA;9;AUX
0015492;;;;2017-02-08 20:13:15;2015-08-16 15:27:14;I;;;5492;001;;;;;;ACT;ANTICIPO ARCSA;101040315;5;;1;            ANTICIPO ARCSA;REA;9;AUX
0015493;;;;2017-02-08 20:13:15;2015-08-16 15:27:14;I;;;5493;001;;;;;;ACT;ANTICIPO BB SOLUCORP;101040316;5;;1;            ANTICIPO BB SOLUCORP;REA;9;AUX
0015494;;;;2017-02-08 20:13:15;2015-08-16 15:27:14;I;;;5494;001;;;;;;ACT;JATIVA ARCOS ANGELA OLIMPIA;101040317;5;;1;            JATIVA ARCOS ANGELA OLIMPIA;REA;9;AUX
0015495;;;;2017-02-08 20:13:15;2015-08-16 15:27:14;I;;;5495;001;;;;;;ACT;ANTICIPO BRYAN ROMERO;101040318;5;;1;            ANTICIPO BRYAN ROMERO;REA;9;AUX
0015496;;;;2017-02-08 20:13:15;2015-08-16 15:27:14;I;;;5496;001;;;;;;ACT;ANTICIPO DENNIS ROMERO;101040319;5;;1;            ANTICIPO DENNIS ROMERO;REA;9;AUX
0015497;;;;2017-02-08 20:13:15;2015-08-16 15:27:14;I;;;5497;001;;;;;;ACT;ANTICIPO WLADIMIR HEREDIA;101040320;5;;1;            ANTICIPO WLADIMIR HEREDIA;REA;9;AUX
0015498;;;;2017-02-08 20:13:15;2015-08-16 15:27:14;I;;;5498;001;;;;;;ACT;ANTICIPO OLINDA VERA;101040321;5;;1;            ANTICIPO OLINDA VERA;REA;9;AUX
0015499;;;;2017-02-08 20:13:15;2015-08-16 15:27:14;I;;;5499;001;;;;;;ACT;ANTICIPO ALVAREZ ROJAS JUAN CAMILO;101040322;5;;1;            ANTICIPO ALVAREZ ROJAS JUAN CAMILO;REA;9;AUX
0015500;;;;2017-02-08 20:13:15;2015-08-16 15:27:14;I;;;5500;001;;;;;;ACT;ANTICIPO CORPORACION FAVORITA C.A.;101040323;5;;1;            ANTICIPO CORPORACION FAVORITA C.A.;REA;9;AUX
0015501;;;;2017-02-08 20:13:15;2015-08-16 15:27:14;I;;;5501;001;;;;;;ACT;ANTICIPO ASEGURADORA DEL SUR C.A.;101040324;5;;1;            ANTICIPO ASEGURADORA DEL SUR C.A.;REA;9;AUX
0015502;;;;2017-02-08 20:13:15;2015-08-16 15:27:14;I;;;5502;001;;;;;;ACT;ANTICIPO CABEZAS LUISA;101040325;5;;1;            ANTICIPO CABEZAS LUISA;REA;9;AUX
0015503;;;;2017-02-08 20:13:15;2015-08-16 15:27:14;I;;;5503;001;;;;;;ACT;ANTICIPO DILIPA CIA.LTDA.;101040326;5;;1;            ANTICIPO DILIPA CIA.LTDA.;REA;9;AUX
0015504;;;;2017-02-08 20:13:15;2015-08-16 15:27:14;I;;;5504;001;;;;;;ACT;ANTICIPO PREMIERHOTEL CIA.LTDA.;101040327;5;;1;            ANTICIPO PREMIERHOTEL CIA.LTDA.;REA;9;AUX
0015505;;;;2017-02-08 20:13:15;2015-08-16 15:27:14;I;;;5505;001;;;;;;ACT;OTROS ANTICIPOS ENTREGADOS;1010404;4;;1;          OTROS ANTICIPOS ENTREGADOS;REA;7;MAY
0015506;001176;;;2017-02-08 20:13:15;2015-08-16 15:27:14;U;7CB549CED4E9B9C6CF774F90FE5ECE8A;;5506;001;;;;;;ACT;PRESTAMO EMPLEADOS;101040401;5;;1;            PRESTAMO EMPLEADOS;REA;9;AUX
0015521;001176;;;2017-02-08 20:13:15;2015-08-16 15:27:14;U;9947399D28700188F1CE2FA40032EBBB;;5521;001;;;;;;ACT;ANTICIPO QUINCENA EMPLEADOS;101040402;5;;1;            ANTICIPO QUINCENA EMPLEADOS;REA;9;AUX
0015522;;;;2017-02-08 20:13:15;2015-08-16 15:27:14;I;;;5522;001;;;;;;ACT;ACTIVOS POR IMPUESTOS CORRIENTES;10105;3;;1;        ACTIVOS POR IMPUESTOS CORRIENTES;REA;5;MAY
0015523;;;;2017-02-08 20:13:15;2015-08-16 15:27:14;I;;;5523;001;;;;;;ACT;CRÉDITO TRIBUTARIO A FAVOR DE LA EMPRESA (IVA);1010501;4;;1;          CRÉDITO TRIBUTARIO A FAVOR DE LA EMPRESA (IVA);REA;7;MAY
0015524;0013;EDSON DAZA;;2017-02-08 20:13:15;2015-08-16 15:27:14;U;6A7C0A6ECD8426226D091771B3157F82;;5524;001;;;;;;ACT;IVA EN COMPRAS;101050101;5;;1;            IVA EN COMPRAS;REA;9;AUX
0015525;0013;EDSON DAZA;;2017-02-08 20:13:15;2015-08-16 15:27:14;U;FDC86755184B9A40D6A7E0A9D98F5995;;5525;001;;;;;;ACT;IVA RETENIDO CLIENTES;101050102;5;;1;            IVA RETENIDO CLIENTES;REA;9;AUX
0015526;;;;2017-02-08 20:13:15;2015-08-16 15:27:14;I;;;5526;001;;;;;;ACT;CRÉDITO TRIBUTARIO IVA;101050103;5;;1;            CRÉDITO TRIBUTARIO IVA;REA;9;AUX
0015527;;;;2017-02-08 20:13:15;2015-08-16 15:27:14;I;;;5527;001;;;;;;ACT;CRÉDITO TRIBUTARIO A FAVOR DE LA EMPRESA ( I. R.);1010502;4;;1;          CRÉDITO TRIBUTARIO A FAVOR DE LA EMPRESA ( I. R.);REA;7;MAY
0015529;;;;2017-02-08 20:13:15;2015-08-16 15:27:14;I;;;5529;001;;;;;;ACT;CRÉDITO TRIBUTARIO RENTA;101050201;5;;1;            CRÉDITO TRIBUTARIO RENTA;REA;9;AUX
0015528;;;;2017-02-08 20:13:15;2015-08-16 15:27:14;I;;;5528;001;;;;;;ACT;IMPUESTO RETENIDO CLIENTES;101050201;5;;1;            IMPUESTO RETENIDO CLIENTES;REA;9;AUX
0015530;;;;2017-02-08 20:13:15;2015-08-16 15:27:14;I;;;5530;001;;;;;;ACT;ANTICIPO DE IMPUESTO A LA RENTA;1010503;4;;1;          ANTICIPO DE IMPUESTO A LA RENTA;REA;7;MAY
0015531;;;;2017-02-08 20:13:15;2015-08-16 15:27:14;I;;;5531;001;;;;;;ACT;ANTICIPO IMPUESTO A LA RENTA DEL PERIODO;101050301;5;;1;            ANTICIPO IMPUESTO A LA RENTA DEL PERIODO;REA;9;AUX
0015532;;;;2017-02-08 20:13:15;2015-08-16 15:27:14;I;;;5532;001;;;;;;ACT;ACTIVOS NO CORRIENTES MANTENIDOS PARA LA VENTA Y O;10106;3;;1;        ACTIVOS NO CORRIENTES MANTENIDOS PARA LA VENTA Y O;REA;5;AUX
0015533;;;;2017-02-08 20:13:15;2015-08-16 15:27:14;I;;;5533;001;;;;;;ACT;OTROS ACTIVOS CORRIENTES;10108;3;;1;        OTROS ACTIVOS CORRIENTES;REA;5;MAY
0015534;;;;2017-02-08 20:13:15;2015-08-16 15:27:14;I;;;5534;001;;;;;;ACT;DIFERIDOS POR IMPORTACIONES;1010801;4;;1;          DIFERIDOS POR IMPORTACIONES;REA;7;AUX
0015535;;;;2017-02-08 20:13:16;2015-08-16 15:27:14;I;;;5535;001;;;;;;ACT;ACTIVO NO CORRIENTE;102;2;;1;      ACTIVO NO CORRIENTE;REA;3;MAY
0015536;;;;2017-02-08 20:13:16;2015-08-16 15:27:14;I;;;5536;001;;;;;;ACT;PROPIEDADES. PLANTA Y EQUIPO;10201;3;;1;        PROPIEDADES. PLANTA Y EQUIPO;REA;5;MAY
0015537;;;;2017-02-08 20:13:15;2015-08-16 15:27:14;I;;;5537;001;;;;;;ACT;TERRENOS;1020101;4;;1;          TERRENOS;REA;7;MAY
0015538;;;;2017-02-08 20:13:15;2015-08-16 15:27:14;I;;;5538;001;;;;;;ACT;TERRENOS;102010101;5;;1;            TERRENOS;REA;9;AUX
0015539;;;;2017-02-08 20:13:15;2015-08-16 15:27:14;I;;;5539;001;;;;;;ACT;EDIFICIOS;1020102;4;;1;          EDIFICIOS;REA;7;MAY
0015540;;;;2017-02-08 20:13:15;2015-08-16 15:27:14;I;;;5540;001;;;;;;ACT;EDIFICIOS;102010201;5;;1;            EDIFICIOS;REA;9;AUX
0015541;;;;2017-02-08 20:13:15;2015-08-16 15:27:14;I;;;5541;001;;;;;;ACT;CONSTRUCCIONES EN CURSO;1020103;4;;1;          CONSTRUCCIONES EN CURSO;REA;7;MAY
0015542;;;;2017-02-08 20:13:15;2015-08-16 15:27:14;I;;;5542;001;;;;;;ACT;CONSTRUCCIONES EN CURSO;102010301;5;;1;            CONSTRUCCIONES EN CURSO;REA;9;AUX
0015543;;;;2017-02-08 20:13:15;2015-08-16 15:27:14;I;;;5543;001;;;;;;ACT;INSTALACIONES;1020104;4;;1;          INSTALACIONES;REA;7;MAY
0015544;;;;2017-02-08 20:13:15;2015-08-16 15:27:14;I;;;5544;001;;;;;;ACT;ADECUACIÓN DE OFICINAS;102010401;5;;1;            ADECUACIÓN DE OFICINAS;REA;9;AUX
0015545;;;;2017-02-08 20:13:15;2015-08-16 15:27:14;I;;;5545;001;;;;;;ACT;MUEBLES Y ENSERES;1020105;4;;1;          MUEBLES Y ENSERES;REA;7;MAY
0015546;;;;2017-02-08 20:13:15;2015-08-16 15:27:14;I;;;5546;001;;;;;;ACT;MUEBLES Y ENSERES;102010501;5;;1;            MUEBLES Y ENSERES;REA;9;AUX
0015547;;;;2017-02-08 20:13:15;2015-08-16 15:27:14;I;;;5547;001;;;;;;ACT;MAQUINARIA Y EQUIPO;1020106;4;;1;          MAQUINARIA Y EQUIPO;REA;7;MAY
0015548;;;;2017-02-08 20:13:15;2015-08-16 15:27:14;I;;;5548;001;;;;;;ACT;MAQUINARIA Y EQUIPO;102010601;5;;1;            MAQUINARIA Y EQUIPO;REA;9;AUX
0015549;;;;2017-02-08 20:13:15;2015-08-16 15:27:14;I;;;5549;001;;;;;;ACT;NAVES. AERONAVES. BARCAZAS Y SIMILARES;1020107;4;;1;          NAVES. AERONAVES. BARCAZAS Y SIMILARES;REA;7;AUX
0015550;;;;2017-02-08 20:13:15;2015-08-16 15:27:14;I;;;5550;001;;;;;;ACT;EQUIPO DE COMPUTACIAN;1020108;4;;1;          EQUIPO DE COMPUTACIAN;REA;7;MAY
0015551;;;;2017-02-08 20:13:15;2015-08-16 15:27:14;I;;;5551;001;;;;;;ACT;EQUIPO DE COMPUTACIÓN;102010801;5;;1;            EQUIPO DE COMPUTACIÓN;REA;9;AUX
0015552;;;;2017-02-08 20:13:15;2015-08-16 15:27:14;I;;;5552;001;;;;;;ACT;VEH+CULOS. EQUIPOS DE TRANSPORTE Y EQUIPO CAMINERO;1020109;4;;1;          VEH+CULOS. EQUIPOS DE TRANSPORTE Y EQUIPO CAMINERO;REA;7;MAY
0015553;;;;2017-02-08 20:13:15;2015-08-16 15:27:14;I;;;5553;001;;;;;;ACT;VEHICULOS;102010901;5;;1;            VEHICULOS;REA;9;AUX
0015554;;;;2017-02-08 20:13:15;2015-08-16 15:27:14;I;;;5554;001;;;;;;ACT;OTROS PROPIEDADES. PLANTA Y EQUIPO;1020110;4;;1;          OTROS PROPIEDADES. PLANTA Y EQUIPO;REA;7;AUX
0015555;;;;2017-02-08 20:13:15;2015-08-16 15:27:14;I;;;5555;001;;;;;;ACT;REPUESTOS Y HERRAMIENTAS;1020111;4;;1;          REPUESTOS Y HERRAMIENTAS;REA;7;AUX
0015556;;;;2017-02-08 20:13:16;2015-08-16 15:27:14;I;;;5556;001;;;;;;ACT;(-) DEPRECIACIAN ACUMULADA PROPIEDADES. PLANTA Y E;1020112;4;;1;          (-) DEPRECIACIAN ACUMULADA PROPIEDADES. PLANTA Y E;REA;7;MAY
0015557;;;;2017-02-08 20:13:16;2015-08-16 15:27:14;I;;;5557;001;;;;;;ACT;(-) DEP.EDIFICIOS;102011201;5;;1;            (-) DEP.EDIFICIOS;REA;9;AUX
0015558;;;;2017-02-08 20:13:16;2015-08-16 15:27:14;I;;;5558;001;;;;;;ACT;(-) DEP.ADECUACION OFICINA;102011202;5;;1;            (-) DEP.ADECUACION OFICINA;REA;9;AUX
0015559;;;;2017-02-08 20:13:16;2015-08-16 15:27:14;I;;;5559;001;;;;;;ACT;(-) DEP.MUEBLES Y ENSERES;102011203;5;;1;            (-) DEP.MUEBLES Y ENSERES;REA;9;AUX
0015560;;;;2017-02-08 20:13:16;2015-08-16 15:27:14;I;;;5560;001;;;;;;ACT;(-) DEP.EQUIPO DE OFICICNA;102011204;5;;1;            (-) DEP.EQUIPO DE OFICICNA;REA;9;AUX
0015561;;;;2017-02-08 20:13:16;2015-08-16 15:27:14;I;;;5561;001;;;;;;ACT;(-) DEP.NAVES,AERONAVES;102011205;5;;1;            (-) DEP.NAVES,AERONAVES;REA;9;AUX
0015562;;;;2017-02-08 20:13:16;2015-08-16 15:27:14;I;;;5562;001;;;;;;ACT;(-) DEP.EQUIPO DE COMPUTACIÓN;102011206;5;;1;            (-) DEP.EQUIPO DE COMPUTACIÓN;REA;9;AUX
0015563;;;;2017-02-08 20:13:16;2015-08-16 15:27:14;I;;;5563;001;;;;;;ACT;(-) DEP.MAQUINARIA Y EQUIPO;102011207;5;;1;            (-) DEP.MAQUINARIA Y EQUIPO;REA;9;AUX
0015564;;;;2017-02-08 20:13:16;2015-08-16 15:27:14;I;;;5564;001;;;;;;ACT;(-) DEP.VEHICULOS;102011208;5;;1;            (-) DEP.VEHICULOS;REA;9;AUX
0015565;;;;2017-02-08 20:13:16;2015-08-16 15:27:14;I;;;5565;001;;;;;;ACT;(-) DETERIORO ACUMULADO DE PROPIEDADES. PLANTA Y;1020113;4;;1;          (-) DETERIORO ACUMULADO DE PROPIEDADES. PLANTA Y;REA;7;AUX
0015566;;;;2017-02-08 20:13:16;2015-08-16 15:27:14;I;;;5566;001;;;;;;ACT;PROPIEDADES DE INVERSIAN;10202;3;;1;        PROPIEDADES DE INVERSIAN;REA;5;MAY
0015567;;;;2017-02-08 20:13:16;2015-08-16 15:27:14;I;;;5567;001;;;;;;ACT;TERRENOS;1020201;4;;1;          TERRENOS;REA;7;AUX
0015568;;;;2017-02-08 20:13:16;2015-08-16 15:27:14;I;;;5568;001;;;;;;ACT;EDIFICIOS;1020202;4;;1;          EDIFICIOS;REA;7;AUX
0015569;;;;2017-02-08 20:13:16;2015-08-16 15:27:14;I;;;5569;001;;;;;;ACT;(-) DEPRECIACION ACUMULADA DE PROPIEDADES DE INVER;1020203;4;;1;          (-) DEPRECIACION ACUMULADA DE PROPIEDADES DE INVER;REA;7;AUX
0015570;;;;2017-02-08 20:13:16;2015-08-16 15:27:14;I;;;5570;001;;;;;;ACT;(-) DETERIORO ACUMULADO DE PROPIEDADES DE INVERSIA;1020204;4;;1;          (-) DETERIORO ACUMULADO DE PROPIEDADES DE INVERSIA;REA;7;AUX
0015571;;;;2017-02-08 20:13:16;2015-08-16 15:27:14;I;;;5571;001;;;;;;ACT;ACTIVOS BIOLOGICOS;10203;3;;1;        ACTIVOS BIOLOGICOS;REA;5;AUX
0015572;;;;2017-02-08 20:13:16;2015-08-16 15:27:14;I;;;5572;001;;;;;;ACT;ACTIVO INTANGIBLE;10204;3;;1;        ACTIVO INTANGIBLE;REA;5;MAY
0015573;;;;2017-02-08 20:13:16;2015-08-16 15:27:14;I;;;5573;001;;;;;;ACT;PLUSVAL+AS;1020401;4;;1;          PLUSVAL+AS;REA;7;AUX
0015574;;;;2017-02-08 20:13:16;2015-08-16 15:27:14;I;;;5574;001;;;;;;ACT;MARCAS. PATENTES. DERECHOS DE LLAVE . CUOTAS PATRI;1020402;4;;1;          MARCAS. PATENTES. DERECHOS DE LLAVE . CUOTAS PATRI;REA;7;MAY
0015575;;;;2017-02-08 20:13:16;2015-08-16 15:27:14;I;;;5575;001;;;;;;ACT;MARCAS;102040201;5;;1;            MARCAS;REA;9;AUX
0015576;;;;2017-02-08 20:13:16;2015-08-16 15:27:14;I;;;5576;001;;;;;;ACT;ACTIVOS DE EXPLORACION Y EXPLOTACION;1020403;4;;1;          ACTIVOS DE EXPLORACION Y EXPLOTACION;REA;7;AUX
0015577;;;;2017-02-08 20:13:16;2015-08-16 15:27:14;I;;;5577;001;;;;;;ACT;(-) AMORTIZACIAN ACUMULADA DE ACTIVOS INTANGIBLE;1020404;4;;1;          (-) AMORTIZACIAN ACUMULADA DE ACTIVOS INTANGIBLE;REA;7;AUX
0015578;;;;2017-02-08 20:13:16;2015-08-16 15:27:14;I;;;5578;001;;;;;;ACT;(-) DETERIORO ACUMULADO DE ACTIVO INTANGIBLE;1020405;4;;1;          (-) DETERIORO ACUMULADO DE ACTIVO INTANGIBLE;REA;7;AUX
0015579;;;;2017-02-08 20:13:16;2015-08-16 15:27:14;I;;;5579;001;;;;;;ACT;OTROS INTANGIBLES;1020406;4;;1;          OTROS INTANGIBLES;REA;7;AUX
0015580;;;;2017-02-08 20:13:16;2015-08-16 15:27:14;I;;;5580;001;;;;;;ACT;ACTIVOS POR IMPUESTOS DIFERIDOS;10205;3;;1;        ACTIVOS POR IMPUESTOS DIFERIDOS;REA;5;MAY
0015581;;;;2017-02-08 20:13:16;2015-08-16 15:27:14;I;;;5581;001;;;;;;ACT;ACTIVOS POR IMPUESTOS DIFERIDOS;1020501;4;;1;          ACTIVOS POR IMPUESTOS DIFERIDOS;REA;7;AUX
0015582;;;;2017-02-08 20:13:16;2015-08-16 15:27:14;I;;;5582;001;;;;;;ACT;ACTIVOS FINANCIEROS NO CORRIENTES;10206;3;;1;        ACTIVOS FINANCIEROS NO CORRIENTES;REA;5;MAY
0015583;;;;2017-02-08 20:13:16;2015-08-16 15:27:14;I;;;5583;001;;;;;;ACT;ACTIVOS FINANCIEROS MANTENIDOS HASTA EL VENCIMIENT;1020601;4;;1;          ACTIVOS FINANCIEROS MANTENIDOS HASTA EL VENCIMIENT;REA;7;MAY
0015584;;;;2017-02-08 20:13:16;2015-08-16 15:27:14;I;;;5584;001;;;;;;ACT;INVERSIONES L/P;102060101;5;;1;            INVERSIONES L/P;REA;9;AUX
0015585;;;;2017-02-08 20:13:16;2015-08-16 15:27:14;I;;;5585;001;;;;;;ACT;PLUSBURSÁTIL CASA DE VALORES S.A.;102060102;5;;1;            PLUSBURSÁTIL CASA DE VALORES S.A.;REA;9;AUX
0015586;;;;2017-02-08 20:13:16;2015-08-16 15:27:16;I;;;5586;001;;;;;;ACT;(-) PROVISION POR DETERIORO DE ACTIVOS FINANCIEROS;1020602;4;;1;          (-) PROVISION POR DETERIORO DE ACTIVOS FINANCIEROS;REA;7;AUX
0015587;;;;2017-02-08 20:13:16;2015-08-16 15:27:16;I;;;5587;001;;;;;;ACT;DOCUMENTOS Y CUENTAS POR COBRAR;1020603;4;;1;          DOCUMENTOS Y CUENTAS POR COBRAR;REA;7;AUX
0015588;;;;2017-02-08 20:13:16;2015-08-16 15:27:16;I;;;5588;001;;;;;;ACT;(-) PROVISIAN CUENTAS INCOBRABLES DE ACTIVOS FINAN;1020604;4;;1;          (-) PROVISIAN CUENTAS INCOBRABLES DE ACTIVOS FINAN;REA;7;AUX
0015589;;;;2017-02-08 20:13:16;2015-08-16 15:27:16;I;;;5589;001;;;;;;ACT;OTROS ACTIVOS NO CORRIENTES;10207;3;;1;        OTROS ACTIVOS NO CORRIENTES;REA;5;MAY
0015590;;;;2017-02-08 20:13:16;2015-08-16 15:27:16;I;;;5590;001;;;;;;ACT;INVERSIONES SUBSIDIARIAS;1020701;4;;1;          INVERSIONES SUBSIDIARIAS;REA;7;AUX
0015591;;;;2017-02-08 20:13:16;2015-08-16 15:27:16;I;;;5591;001;;;;;;ACT;INVERSIONES ASOCIADAS;1020702;4;;1;          INVERSIONES ASOCIADAS;REA;7;AUX
0015592;;;;2017-02-08 20:13:16;2015-08-16 15:27:16;I;;;5592;001;;;;;;ACT;INVERSIONES NEGOCIOS CONJUNTOS;1020703;4;;1;          INVERSIONES NEGOCIOS CONJUNTOS;REA;7;AUX
0015593;;;;2017-02-08 20:13:16;2015-08-16 15:27:16;I;;;5593;001;;;;;;ACT;OTRAS INVERSIONES;1020704;4;;1;          OTRAS INVERSIONES;REA;7;MAY
0015594;;;;2017-02-08 20:13:16;2015-08-16 15:27:16;I;;;5594;001;;;;;;ACT;INVERSION LARGO PLAZO;102070401;5;;1;            INVERSION LARGO PLAZO;REA;9;AUX
0015595;;;;2017-02-08 20:13:16;2015-08-16 15:27:16;I;;;5595;001;;;;;;ACT;(-) PROVISIAN VALUACIAN DE INVERSIONES;1020705;4;;1;          (-) PROVISIAN VALUACIAN DE INVERSIONES;REA;7;AUX
0015596;;;;2017-02-08 20:13:16;2015-08-16 15:27:16;I;;;5596;001;;;;;;ACT;OTROS ACTIVOS NO CORRIENTES;1020706;4;;1;          OTROS ACTIVOS NO CORRIENTES;REA;7;MAY
0015597;;;;2017-02-08 20:13:16;2015-08-16 15:27:16;I;;;5597;001;;;;;;ACT;GASTOS DE INVESTIGACIÓN;102070601;5;;1;            GASTOS DE INVESTIGACIÓN;REA;9;AUX
0015598;;;;2017-02-08 20:13:16;2015-08-16 15:27:16;I;;;5598;001;;;;;;ACT;GARANTÍA CONTRATACIÓN;102070602;5;;1;            GARANTÍA CONTRATACIÓN;REA;9;AUX
0015599;;;;2017-02-08 20:13:16;2015-08-16 15:27:16;I;;;5599;001;;;;;;ACT;LMAR GASTOS DE INVEST/CONTRATACION/PROMOCION INTRO;102070603;5;;1;            LMAR GASTOS DE INVEST/CONTRATACION/PROMOCION INTRO;REA;9;AUX
0015600;;;;2017-02-08 20:13:17;2015-08-16 15:27:16;I;;;5600;001;;;;;;ACT;PASIVO;2;1;;2;PASIVO;REA;1;MAY
0015601;;;;2017-02-08 20:13:17;2015-08-16 15:27:16;I;;;5601;001;;;;;;ACT;PASIVO CORRIENTE;201;2;;2;      PASIVO CORRIENTE;REA;3;MAY
0015602;;;;2017-02-08 20:13:16;2015-08-16 15:27:16;I;;;5602;001;;;;;;ACT;PASIVOS FINANCIEROS A VALOR RAZONABLE CON CAMBIOS;20101;3;;2;        PASIVOS FINANCIEROS A VALOR RAZONABLE CON CAMBIOS;REA;5;AUX
0015603;;;;2017-02-08 20:13:16;2015-08-16 15:27:16;I;;;5603;001;;;;;;ACT;PASIVOS POR CONTRATOS DE ARRENDAMIENTO FINANCIEROS;20102;3;;2;        PASIVOS POR CONTRATOS DE ARRENDAMIENTO FINANCIEROS;REA;5;AUX
0015604;;;;2017-02-08 20:13:16;2015-08-16 15:27:16;I;;;5604;001;;;;;;ACT;CUENTAS Y DOCUMENTOS POR PAGAR;20103;3;;2;        CUENTAS Y DOCUMENTOS POR PAGAR;REA;5;MAY
0015605;;;;2017-02-08 20:13:16;2015-08-16 15:27:16;I;;;5605;001;;;;;;ACT;LOCALES;2010301;4;;2;          LOCALES;REA;7;MAY
0015606;;;;2017-02-08 20:13:16;2015-08-16 15:27:16;I;;;5606;001;;;;;;ACT;PROVEEDORES;201030101;5;;2;            PROVEEDORES;REA;9;AUX
0015607;;;;2017-02-08 20:13:16;2015-08-16 15:27:16;I;;;5607;001;;;;;;ACT;DEL EXTERIOR;2010302;4;;2;          DEL EXTERIOR;REA;7;MAY
0015608;;;;2017-02-08 20:13:16;2015-08-16 15:27:16;I;;;5608;001;;;;;;ACT;PROVEEDORES;201030201;5;;2;            PROVEEDORES;REA;9;AUX
0015609;;;;2017-02-08 20:13:16;2015-08-16 15:27:16;I;;;5609;001;;;;;;ACT;OBLIGACIONES CON INSTITUCIONES FINANCIERAS;20104;3;;2;        OBLIGACIONES CON INSTITUCIONES FINANCIERAS;REA;5;MAY
0015610;;;;2017-02-08 20:13:16;2015-08-16 15:27:16;I;;;5610;001;;;;;;ACT;LOCALES;2010401;4;;2;          LOCALES;REA;7;MAY
0015611;;;;2017-02-08 20:13:16;2015-08-16 15:27:16;I;;;5611;001;;;;;;ACT;DINERS CLUB CORPORATIVA;201040101;5;;2;            DINERS CLUB CORPORATIVA;REA;9;AUX
0015612;;;;2017-02-08 20:13:16;2015-08-16 15:27:16;I;;;5612;001;;;;;;ACT;VISA BANCO DEL PICHICNHA;201040102;5;;2;            VISA BANCO DEL PICHICNHA;REA;9;AUX
0015613;;;;2017-02-08 20:13:16;2015-08-16 15:27:16;I;;;5613;001;;;;;;ACT;EXTERIOR;2010402;4;;2;          EXTERIOR;REA;7;MAY
0015614;;;;2017-02-08 20:13:16;2015-08-16 15:27:16;I;;;5614;001;;;;;;ACT;PICHINCHA;201040201;5;;2;            PICHINCHA;REA;9;AUX
0015615;;;;2017-02-08 20:13:16;2015-08-16 15:27:16;I;;;5615;001;;;;;;ACT;PROVISIONES;20105;3;;2;        PROVISIONES;REA;5;MAY
0015616;;;;2017-02-08 20:13:16;2015-08-16 15:27:16;I;;;5616;001;;;;;;ACT;LOCALES;2010501;4;;2;          LOCALES;REA;7;AUX
0015617;;;;2017-02-08 20:13:16;2015-08-16 15:27:16;I;;;5617;001;;;;;;ACT;DEL EXTERIOR;2010502;4;;2;          DEL EXTERIOR;REA;7;AUX
0015618;;;;2017-02-08 20:13:16;2015-08-16 15:27:16;I;;;5618;001;;;;;;ACT;PORCIAN CORRIENTE DE OBLIGACIONES EMITIDAS;20106;3;;2;        PORCIAN CORRIENTE DE OBLIGACIONES EMITIDAS;REA;5;AUX
0015619;;;;2017-02-08 20:13:17;2015-08-16 15:27:16;I;;;5619;001;;;;;;ACT;OTRAS OBLIGACIONES CORRIENTES;20107;3;;2;        OTRAS OBLIGACIONES CORRIENTES;REA;5;MAY
0015620;;;;2017-02-08 20:13:16;2015-08-16 15:27:16;I;;;5620;001;;;;;;ACT;CON LA ADMINISTRACIAN TRIBUTARIA;2010701;4;;2;          CON LA ADMINISTRACIAN TRIBUTARIA;REA;7;MAY
0015621;0013;EDSON DAZA;;2017-02-08 20:13:16;2015-08-16 15:27:16;U;96F5CA2E6A82B2F85EC074B8E4BB42B6;;5621;001;;;;;;ACT;IVA COBRADO EN VENTAS;201070101;5;;2;            IVA COBRADO EN VENTAS;REA;9;AUX
0015622;;;;2017-02-08 20:13:16;2015-08-16 15:27:16;I;;;5622;001;;;;;;ACT;RETENCIONES 30 % IVA BIENES;201070102;5;;2;            RETENCIONES 30 % IVA BIENES;REA;9;AUX
0015623;;;;2017-02-08 20:13:16;2015-08-16 15:27:16;I;;;5623;001;;;;;;ACT;RETENCIONES 70 % IVA SERVICIOS;201070103;5;;2;            RETENCIONES 70 % IVA SERVICIOS;REA;9;AUX
0015624;;;;2017-02-08 20:13:16;2015-08-16 15:27:16;I;;;5624;001;;;;;;ACT;RETENCIONES 100 % IVA HONORARIOS /LIQUIDACION SER.;201070104;5;;2;            RETENCIONES 100 % IVA HONORARIOS /LIQUIDACION SER.;REA;9;AUX
0015625;;;;2017-02-08 20:13:16;2015-08-16 15:27:16;I;;;5625;001;;;;;;ACT;RETENCIONES EN LA FUENTE RELACION DEPENDENCIA;201070105;5;;2;            RETENCIONES EN LA FUENTE RELACION DEPENDENCIA;REA;9;AUX
0015626;;;;2017-02-08 20:13:16;2015-08-16 15:27:16;I;;;5626;001;;;;;;ACT;SERVICIOS / HONORARIOS PROFESIONALES;201070106;5;;2;            SERVICIOS / HONORARIOS PROFESIONALES;REA;9;AUX
0015627;;;;2017-02-08 20:13:16;2015-08-16 15:27:16;I;;;5627;001;;;;;;ACT;SERVICIOS / PREDOMINA EL INTELECTO;201070107;5;;2;            SERVICIOS / PREDOMINA EL INTELECTO;REA;9;AUX
0015628;;;;2017-02-08 20:13:16;2015-08-16 15:27:16;I;;;5628;001;;;;;;ACT;SERVICIOS / PREDOMINA LA MANO DE OBRA;201070108;5;;2;            SERVICIOS / PREDOMINA LA MANO DE OBRA;REA;9;AUX
0015629;;;;2017-02-08 20:13:16;2015-08-16 15:27:16;I;;;5629;001;;;;;;ACT;SERVICIOS / UTILIZACION O APROVECHAMIENTO DE LA IMAGEN O RENOMBRE;201070109;5;;2;            SERVICIOS / UTILIZACION O APROVECHAMIENTO DE LA IMAGEN O RENOMBRE;REA;9;AUX
0015630;;;;2017-02-08 20:13:16;2015-08-16 15:27:16;I;;;5630;001;;;;;;ACT;SERVICIOS / PUBLICIDAD Y COMUINICACION;201070110;5;;2;            SERVICIOS / PUBLICIDAD Y COMUINICACION;REA;9;AUX
0015631;;;;2017-02-08 20:13:16;2015-08-16 15:27:16;I;;;5631;001;;;;;;ACT;SERVICIOS / TRANSPORTE PRIVADO;201070111;5;;2;            SERVICIOS / TRANSPORTE PRIVADO;REA;9;AUX
0015632;;;;2017-02-08 20:13:16;2015-08-16 15:27:16;I;;;5632;001;;;;;;ACT;A TRAVÉS DE LIQUIDACION DE COMPRAS;201070112;5;;2;            A TRAVÉS DE LIQUIDACION DE COMPRAS;REA;9;AUX
0015633;;;;2017-02-08 20:13:16;2015-08-16 15:27:16;I;;;5633;001;;;;;;ACT;TRANSFERENCIA DE BIENES;201070113;5;;2;            TRANSFERENCIA DE BIENES;REA;9;AUX
0015634;;;;2017-02-08 20:13:16;2015-08-16 15:27:16;I;;;5634;001;;;;;;ACT;POR REGALIAS, DERECHOS DE AUTOR,MARCAS,PATENTES;201070114;5;;2;            POR REGALIAS, DERECHOS DE AUTOR,MARCAS,PATENTES;REA;9;AUX
0015635;;;;2017-02-08 20:13:16;2015-08-16 15:27:16;I;;;5635;001;;;;;;ACT;ARRENDAMIENTO / MERCANTIL;201070115;5;;2;            ARRENDAMIENTO / MERCANTIL;REA;9;AUX
0015636;;;;2017-02-08 20:13:16;2015-08-16 15:27:16;I;;;5636;001;;;;;;ACT;ARRENDAMIENTO / BIENES INMUEBLES;201070116;5;;2;            ARRENDAMIENTO / BIENES INMUEBLES;REA;9;AUX
0015637;;;;2017-02-08 20:13:16;2015-08-16 15:27:16;I;;;5637;001;;;;;;ACT;SEGUROS Y REASEGUROS;201070117;5;;2;            SEGUROS Y REASEGUROS;REA;9;AUX
0015638;;;;2017-02-08 20:13:16;2015-08-16 15:27:16;I;;;5638;001;;;;;;ACT;RENDIMIENTOS FINANCIEROS;201070118;5;;2;            RENDIMIENTOS FINANCIEROS;REA;9;AUX
0015639;;;;2017-02-08 20:13:16;2015-08-16 15:27:16;I;;;5639;001;;;;;;ACT;ANTICIPO DIVIDENDOS;201070119;5;;2;            ANTICIPO DIVIDENDOS;REA;9;AUX
0015640;;;;2017-02-08 20:13:16;2015-08-16 15:27:16;I;;;5640;001;;;;;;ACT;DIVIDENDOS DISTRIBUIDOS;201070120;5;;2;            DIVIDENDOS DISTRIBUIDOS;REA;9;AUX
0015641;;;;2017-02-08 20:13:16;2015-08-16 15:27:16;I;;;5641;001;;;;;;ACT;BIENES Y SERVICIOS NO SUJETOS A RETENCIÓN;201070121;5;;2;            BIENES Y SERVICIOS NO SUJETOS A RETENCIÓN;REA;9;AUX
0015642;;;;2017-02-08 20:13:16;2015-08-16 15:27:16;I;;;5642;001;;;;;;ACT;OTRAS RETENCIONES APLICABLE 1 %;201070122;5;;2;            OTRAS RETENCIONES APLICABLE 1 %;REA;9;AUX
0015643;;;;2017-02-08 20:13:16;2015-08-16 15:27:16;I;;;5643;001;;;;;;ACT;OTRAS RETENCIONES APLICABLE 2 %;201070123;5;;2;            OTRAS RETENCIONES APLICABLE 2 %;REA;9;AUX
0015644;;;;2017-02-08 20:13:16;2015-08-16 15:27:16;I;;;5644;001;;;;;;ACT;OTRAS RETENCIONES APLICABLE 8 %;201070124;5;;2;            OTRAS RETENCIONES APLICABLE 8 %;REA;9;AUX
0015645;;;;2017-02-08 20:13:16;2015-08-16 15:27:17;I;;;5645;001;;;;;;ACT;OTRAS RETENCIONES (344) APLICABLE OTRA RETENCION;201070125;5;;2;            OTRAS RETENCIONES (344) APLICABLE OTRA RETENCION;REA;9;AUX
0015646;;;;2017-02-08 20:13:16;2015-08-16 15:27:17;I;;;5646;001;;;;;;ACT;IMPUESTO A LA RENTA POR PAGAR DEL EJERCICIO;2010702;4;;2;          IMPUESTO A LA RENTA POR PAGAR DEL EJERCICIO;REA;7;MAY
0015647;;;;2017-02-08 20:13:16;2015-08-16 15:27:17;I;;;5647;001;;;;;;ACT;IMPUESTO A LA RENTA POR PAGAR;201070201;5;;2;            IMPUESTO A LA RENTA POR PAGAR;REA;9;AUX
0015648;;;;2017-02-08 20:13:16;2015-08-16 15:27:17;I;;;5648;001;;;;;;ACT;SRI POR PAGAR;201070202;5;;2;            SRI POR PAGAR;REA;9;AUX
0015649;;;;2017-02-08 20:13:16;2015-08-16 15:27:17;I;;;5649;001;;;;;;ACT;OBLIGACIONES CON EL IESS;2010703;4;;2;          OBLIGACIONES CON EL IESS;REA;7;MAY
0015650;;;;2017-02-08 20:13:16;2015-08-16 15:27:17;I;;;5650;001;;;;;;ACT;APORTE IESS;201070301;5;;2;            APORTE IESS;REA;9;AUX
0015651;;;;2017-02-08 20:13:16;2015-08-16 15:27:17;I;;;5651;001;;;;;;ACT;PRESTAMO QUIROGRAFARIO;201070302;5;;2;            PRESTAMO QUIROGRAFARIO;REA;9;AUX
0015652;;;;2017-02-08 20:13:16;2015-08-16 15:27:17;I;;;5652;001;;;;;;ACT;FONDO DE RESERVA;201070303;5;;2;            FONDO DE RESERVA;REA;9;AUX
0015653;;;;2017-02-08 20:13:16;2015-08-16 15:27:17;I;;;5653;001;;;;;;ACT;POR BENEFICIOS DE LEY A EMPLEADOS;2010704;4;;2;          POR BENEFICIOS DE LEY A EMPLEADOS;REA;7;MAY
0015654;;;;2017-02-08 20:13:16;2015-08-16 15:27:17;I;;;5654;001;;;;;;ACT;SUELDOS POR PAGAR;201070401;5;;2;            SUELDOS POR PAGAR;REA;9;AUX
0015655;;;;2017-02-08 20:13:16;2015-08-16 15:27:17;I;;;5655;001;;;;;;ACT;DECIMO TERCER SUELDO;201070402;5;;2;            DECIMO TERCER SUELDO;REA;9;AUX
0015656;;;;2017-02-08 20:13:16;2015-08-16 15:27:17;I;;;5656;001;;;;;;ACT;DECIMO CUARTO SUELDO;201070403;5;;2;            DECIMO CUARTO SUELDO;REA;9;AUX
0015657;;;;2017-02-08 20:13:16;2015-08-16 15:27:17;I;;;5657;001;;;;;;ACT;VACACIONES;201070404;5;;2;            VACACIONES;REA;9;AUX
0015658;;;;2017-02-08 20:13:16;2015-08-16 15:27:17;I;;;5658;001;;;;;;ACT;FONDOS DE RESERVA;201070405;5;;2;            FONDOS DE RESERVA;REA;9;AUX
0015659;;;;2017-02-08 20:13:16;2015-08-16 15:27:17;I;;;5659;001;;;;;;ACT;PARTICIPACIÓN TRABAJADORES POR PAGAR DEL EJERCICIO;2010705;4;;2;          PARTICIPACIÓN TRABAJADORES POR PAGAR DEL EJERCICIO;REA;7;MAY
0015660;;;;2017-02-08 20:13:16;2015-08-16 15:27:17;I;;;5660;001;;;;;;ACT;UTILIDADES POR PAGAR;201070501;5;;2;            UTILIDADES POR PAGAR;REA;9;AUX
0015661;;;;2017-02-08 20:13:16;2015-08-16 15:27:17;I;;;5661;001;;;;;;ACT;DIVIDENDOS POR PAGAR;2010706;4;;2;          DIVIDENDOS POR PAGAR;REA;7;AUX
0015662;;;;2017-02-08 20:13:17;2015-08-16 15:27:17;I;;;5662;001;;;;;;ACT;CUENTAS POR PAGAR DIVERSAS/RELACIONADAS;20108;3;;2;        CUENTAS POR PAGAR DIVERSAS/RELACIONADAS;REA;5;MAY
0015663;;;;2017-02-08 20:13:17;2015-08-16 15:27:17;I;;;5663;001;;;;;;ACT;ACCIONISTA ROMERO BRYAN;2010801;4;;2;          ACCIONISTA ROMERO BRYAN;REA;7;AUX
0015664;;;;2017-02-08 20:13:17;2015-08-16 15:27:17;I;;;5664;001;;;;;;ACT;ACCIONISTA ROMERO DENNIS;2010802;4;;2;          ACCIONISTA ROMERO DENNIS;REA;7;AUX
0015665;;;;2017-02-08 20:13:17;2015-08-16 15:27:17;I;;;5665;001;;;;;;ACT;ARROYO TAIANA;2010803;4;;2;          ARROYO TAIANA;REA;7;AUX
0015666;;;;2017-02-08 20:13:17;2015-08-16 15:27:17;I;;;5666;001;;;;;;ACT;OTROS PASIVOS FINANCIEROS;20109;3;;2;        OTROS PASIVOS FINANCIEROS;REA;5;MAY
0015667;;;;2017-02-08 20:13:17;2015-08-16 15:27:17;I;;;5667;001;;;;;;ACT;CRÉDITOS Y DÉBITOS POR IDENTIFICAR;2010901;4;;2;          CRÉDITOS Y DÉBITOS POR IDENTIFICAR;REA;7;AUX
0015668;;;;2017-02-08 20:13:17;2015-08-16 15:27:17;I;;;5668;001;;;;;;ACT;ANTICIPOS DE CLIENTES;20110;3;;2;        ANTICIPOS DE CLIENTES;REA;5;AUX
0015669;;;;2017-02-08 20:13:17;2015-08-16 15:27:17;I;;;5669;001;;;;;;ACT;PASIVOS DIRECTAMENTE ASOCIADOS CON LOS ACTIVOS NO;20111;3;;2;        PASIVOS DIRECTAMENTE ASOCIADOS CON LOS ACTIVOS NO;REA;5;AUX
0015670;;;;2017-02-08 20:13:17;2015-08-16 15:27:17;I;;;5670;001;;;;;;ACT;PORCION CORRIENTE DE PROVISIONES POR BENEFICIOS A;20112;3;;2;        PORCION CORRIENTE DE PROVISIONES POR BENEFICIOS A;REA;5;MAY
0015671;;;;2017-02-08 20:13:17;2015-08-16 15:27:17;I;;;5671;001;;;;;;ACT;JUBILACION PATRONAL;2011201;4;;2;          JUBILACION PATRONAL;REA;7;MAY
0015672;;;;2017-02-08 20:13:17;2015-08-16 15:27:17;I;;;5672;001;;;;;;ACT;JUBILACION E INDEMNIZACION PATRONAL;201120101;5;;2;            JUBILACION E INDEMNIZACION PATRONAL;REA;9;AUX
0015673;;;;2017-02-08 20:13:17;2015-08-16 15:27:17;I;;;5673;001;;;;;;ACT;OTROS BENEFICIOS A LARGO PLAZO PARA LOS EMPLEADOS;2011202;4;;2;          OTROS BENEFICIOS A LARGO PLAZO PARA LOS EMPLEADOS;REA;7;MAY
0015674;;;;2017-02-08 20:13:17;2015-08-16 15:27:17;I;;;5674;001;;;;;;ACT;DESAHUSIO;201120201;5;;2;            DESAHUSIO;REA;9;AUX
0015675;;;;2017-02-08 20:13:17;2015-08-16 15:27:17;I;;;5675;001;;;;;;ACT;OTROS PASIVOS CORRIENTES;20113;3;;2;        OTROS PASIVOS CORRIENTES;REA;5;MAY
0015676;;;;2017-02-08 20:13:17;2015-08-16 15:27:17;I;;;5676;001;;;;;;ACT;OTRAS CUENTAS POR PAGAR;2011301;4;;2;          OTRAS CUENTAS POR PAGAR;REA;7;MAY
0015677;;;;2017-02-08 20:13:17;2015-08-16 15:27:17;I;;;5677;001;;;;;;ACT;MULTAS;201130101;5;;2;            MULTAS;REA;9;AUX
0015678;;;;2017-02-08 20:13:17;2015-08-16 15:27:17;I;;;5678;001;;;;;;ACT;DIFERIDOS POR IMPORTACION ****;201130102;5;;2;            DIFERIDOS POR IMPORTACION ****;REA;9;AUX
0015679;;;;2017-02-08 20:13:17;2015-08-16 15:27:17;I;;;5679;001;;;;;;ACT;PASIVO NO CORRIENTE;202;2;;2;      PASIVO NO CORRIENTE;REA;3;MAY
0015680;;;;2017-02-08 20:13:17;2015-08-16 15:27:17;I;;;5680;001;;;;;;ACT;PASIVOS POR CONTRATOS DE ARRENDAMIENTO FINANCIERO;20201;3;;2;        PASIVOS POR CONTRATOS DE ARRENDAMIENTO FINANCIERO;REA;5;AUX
0015681;;;;2017-02-08 20:13:17;2015-08-16 15:27:17;I;;;5681;001;;;;;;ACT;CUENTAS Y DOCUMENTOS POR PAGAR;20202;3;;2;        CUENTAS Y DOCUMENTOS POR PAGAR;REA;5;MAY
0015682;;;;2017-02-08 20:13:17;2015-08-16 15:27:17;I;;;5682;001;;;;;;ACT;LOCALES;2020201;4;;2;          LOCALES;REA;7;AUX
0015683;;;;2017-02-08 20:13:17;2015-08-16 15:27:17;I;;;5683;001;;;;;;ACT;DEL EXTERIOR;2020202;4;;2;          DEL EXTERIOR;REA;7;AUX
0015684;;;;2017-02-08 20:13:17;2015-08-16 15:27:17;I;;;5684;001;;;;;;ACT;OBLIGACIONES CON INSTITUCIONES FINANCIERAS;20203;3;;2;        OBLIGACIONES CON INSTITUCIONES FINANCIERAS;REA;5;MAY
0015685;;;;2017-02-08 20:13:17;2015-08-16 15:27:17;I;;;5685;001;;;;;;ACT;LOCALES;2020301;4;;2;          LOCALES;REA;7;AUX
0015686;;;;2017-02-08 20:13:17;2015-08-16 15:27:17;I;;;5686;001;;;;;;ACT;DEL EXTERIOR;2020302;4;;2;          DEL EXTERIOR;REA;7;AUX
0015687;;;;2017-02-08 20:13:17;2015-08-16 15:27:17;I;;;5687;001;;;;;;ACT;CUENTAS POR PAGAR DIVERSAS/RELACIONADAS;20204;3;;2;        CUENTAS POR PAGAR DIVERSAS/RELACIONADAS;REA;5;MAY
0015688;;;;2017-02-08 20:13:17;2015-08-16 15:27:17;I;;;5688;001;;;;;;ACT;LOCALES;2020401;4;;2;          LOCALES;REA;7;MAY
0015689;;;;2017-02-08 20:13:17;2015-08-16 15:27:17;I;;;5689;001;;;;;;ACT;ACCIONISTA ROMERO BRYAN;202040101;5;;2;            ACCIONISTA ROMERO BRYAN;REA;9;AUX
0015690;;;;2017-02-08 20:13:17;2015-08-16 15:27:17;I;;;5690;001;;;;;;ACT;ACCIONISTA ROMERO DENNIS;202040102;5;;2;            ACCIONISTA ROMERO DENNIS;REA;9;AUX
0015691;;;;2017-02-08 20:13:17;2015-08-16 15:27:17;I;;;5691;001;;;;;;ACT;DEL EXTERIOR;2020402;4;;2;          DEL EXTERIOR;REA;7;AUX
0015692;;;;2017-02-08 20:13:17;2015-08-16 15:27:17;I;;;5692;001;;;;;;ACT;OBLIGACIONES EMITIDAS;20205;3;;2;        OBLIGACIONES EMITIDAS;REA;5;AUX
0015693;;;;2017-02-08 20:13:17;2015-08-16 15:27:17;I;;;5693;001;;;;;;ACT;ANTICIPOS DE CLIENTES;20206;3;;2;        ANTICIPOS DE CLIENTES;REA;5;MAY
0015694;;;;2017-02-08 20:13:17;2015-08-16 15:27:17;I;;;5694;001;;;;;;ACT;ROMERO MARIA SOL - VEHICULO;2020601;4;;2;          ROMERO MARIA SOL - VEHICULO;REA;7;AUX
0015695;;;;2017-02-08 20:13:17;2015-08-16 15:27:17;I;;;5695;001;;;;;;ACT;ARROYO TATIANA;2020602;4;;2;          ARROYO TATIANA;REA;7;AUX
0015696;;;;2017-02-08 20:13:17;2015-08-16 15:27:17;I;;;5696;001;;;;;;ACT;PROVISIONES POR BENEFICIOS A EMPLEADOS;20207;3;;2;        PROVISIONES POR BENEFICIOS A EMPLEADOS;REA;5;MAY
0015697;;;;2017-02-08 20:13:17;2015-08-16 15:27:17;I;;;5697;001;;;;;;ACT;JUBILACION PATRONAL;2020701;4;;2;          JUBILACION PATRONAL;REA;7;MAY
0015698;;;;2017-02-08 20:13:17;2015-08-16 15:27:17;I;;;5698;001;;;;;;ACT;JUBILACION E INDEMNIZACION PATRONAL;202070101;5;;2;            JUBILACION E INDEMNIZACION PATRONAL;REA;9;AUX
0015699;;;;2017-02-08 20:13:17;2015-08-16 15:27:17;I;;;5699;001;;;;;;ACT;OTROS BENEFICIOS NO CORRIENTES PARA LOS EMPLEADOS;2020702;4;;2;          OTROS BENEFICIOS NO CORRIENTES PARA LOS EMPLEADOS;REA;7;MAY
0015700;;;;2017-02-08 20:13:17;2015-08-16 15:27:17;I;;;5700;001;;;;;;ACT;DESAHUCIO;202070201;5;;2;            DESAHUCIO;REA;9;AUX
0015701;;;;2017-02-08 20:13:17;2015-08-16 15:27:17;I;;;5701;001;;;;;;ACT;OTRAS PROVISIONES;20208;3;;2;        OTRAS PROVISIONES;REA;5;AUX
0015702;;;;2017-02-08 20:13:17;2015-08-16 15:27:17;I;;;5702;001;;;;;;ACT;PASIVO DIFERIDO;20209;3;;2;        PASIVO DIFERIDO;REA;5;MAY
0015703;;;;2017-02-08 20:13:17;2015-08-16 15:27:17;I;;;5703;001;;;;;;ACT;INGRESOS DIFERIDOS;2020901;4;;2;          INGRESOS DIFERIDOS;REA;7;AUX
0015704;;;;2017-02-08 20:13:17;2015-08-16 15:27:17;I;;;5704;001;;;;;;ACT;PASIVOS POR IMPUESTOS DIFERIDOS;2020902;4;;2;          PASIVOS POR IMPUESTOS DIFERIDOS;REA;7;AUX
0015705;;;;2017-02-08 20:13:17;2015-08-16 15:27:17;I;;;5705;001;;;;;;ACT;OTROS PASIVOS NO CORRIENTES;20210;3;;2;        OTROS PASIVOS NO CORRIENTES;REA;5;AUX
0015706;;;;2017-02-08 20:13:17;2015-08-16 15:27:17;I;;;5706;001;;;;;;ACT;PATRIMONIO NETO;3;1;;3;PATRIMONIO NETO;REA;1;MAY
0015707;;;;2017-02-08 20:13:17;2015-08-16 15:27:17;I;;;5707;001;;;;;;ACT;PATRIMONIO ATRIBUIBLE A LOS PROPIETARIOS DE LA CON;301;2;;3;      PATRIMONIO ATRIBUIBLE A LOS PROPIETARIOS DE LA CON;REA;3;MAY
0015708;;;;2017-02-08 20:13:17;2015-08-16 15:27:17;I;;;5708;001;;;;;;ACT;CAPITAL SUSCRITO O ASIGNADO;30101;3;;3;        CAPITAL SUSCRITO O ASIGNADO;REA;5;MAY
0015709;;;;2017-02-08 20:13:17;2015-08-16 15:27:17;I;;;5709;001;;;;;;ACT;ROMERO CORREA BRYAN RENATO;3010101;4;;3;          ROMERO CORREA BRYAN RENATO;REA;7;AUX
0015710;;;;2017-02-08 20:13:17;2015-08-16 15:27:17;I;;;5710;001;;;;;;ACT;ROMERO CORREA DENNIS ANDRES;3010102;4;;3;          ROMERO CORREA DENNIS ANDRES;REA;7;AUX
0015711;;;;2017-02-08 20:13:17;2015-08-16 15:27:17;I;;;5711;001;;;;;;ACT;(-) CAPITAL SUSCRITO NO PAGADO. ACCIONES EN TESORE;30102;3;;3;        (-) CAPITAL SUSCRITO NO PAGADO. ACCIONES EN TESORE;REA;5;MAY
0015712;;;;2017-02-08 20:13:17;2015-08-16 15:27:17;I;;;5712;001;;;;;;ACT;CAPITAL SUSCRITO;3010201;4;;3;          CAPITAL SUSCRITO;REA;7;AUX
0015713;;;;2017-02-08 20:13:17;2015-08-16 15:27:17;I;;;5713;001;;;;;;ACT;APORTES DE SOCIOS O ACCIONISTAS PARA FUTURA CAPITA;302;2;;3;      APORTES DE SOCIOS O ACCIONISTAS PARA FUTURA CAPITA;REA;3;MAY
0015714;;;;2017-02-08 20:13:17;2015-08-16 15:27:17;I;;;5714;001;;;;;;ACT;APORTES SOCIOS FUTURA CAPITALIZACION;30201;3;;3;        APORTES SOCIOS FUTURA CAPITALIZACION;REA;5;AUX
0015715;;;;2017-02-08 20:13:17;2015-08-16 15:27:17;I;;;5715;001;;;;;;ACT;PRIMA POR EMISIAN PRIMARIA DE ACCIONES;303;2;;3;      PRIMA POR EMISIAN PRIMARIA DE ACCIONES;REA;3;MAY
0015716;;;;2017-02-08 20:13:17;2015-08-16 15:27:17;I;;;5716;001;;;;;;ACT;PRIMA POR EMISION PRIMARIA DE ACCIONES;30301;3;;3;        PRIMA POR EMISION PRIMARIA DE ACCIONES;REA;5;AUX
0015717;;;;2017-02-08 20:13:17;2015-08-16 15:27:17;I;;;5717;001;;;;;;ACT;RESERVAS;304;2;;3;      RESERVAS;REA;3;MAY
0015718;;;;2017-02-08 20:13:17;2015-08-16 15:27:17;I;;;5718;001;;;;;;ACT;RESERVA LEGAL;30401;3;;3;        RESERVA LEGAL;REA;5;MAY
0015719;;;;2017-02-08 20:13:17;2015-08-16 15:27:17;I;;;5719;001;;;;;;ACT;RESERVA LEGAL;3040101;4;;3;          RESERVA LEGAL;REA;7;AUX
0015720;;;;2017-02-08 20:13:17;2015-08-16 15:27:17;I;;;5720;001;;;;;;ACT;RESERVAS FACULTATIVA Y ESTATUTARIA;30402;3;;3;        RESERVAS FACULTATIVA Y ESTATUTARIA;REA;5;MAY
0015721;;;;2017-02-08 20:13:17;2015-08-16 15:27:17;I;;;5721;001;;;;;;ACT;RESERVA FACULTATIVA;3040201;4;;3;          RESERVA FACULTATIVA;REA;7;AUX
0015722;;;;2017-02-08 20:13:17;2015-08-16 15:27:17;I;;;5722;001;;;;;;ACT;RESERVA DE CAPITAL;30403;3;;3;        RESERVA DE CAPITAL;REA;5;MAY
0015723;;;;2017-02-08 20:13:17;2015-08-16 15:27:17;I;;;5723;001;;;;;;ACT;RESERVA DE CAPITAL;3040301;4;;3;          RESERVA DE CAPITAL;REA;7;AUX
0015724;;;;2017-02-08 20:13:17;2015-08-16 15:27:17;I;;;5724;001;;;;;;ACT;OTRAS RESERVAS;30404;3;;3;        OTRAS RESERVAS;REA;5;AUX
0015725;;;;2017-02-08 20:13:17;2015-08-16 15:27:17;I;;;5725;001;;;;;;ACT;OTROS RESULTADOS INTEGRALES;305;2;;3;      OTROS RESULTADOS INTEGRALES;REA;3;MAY
0015726;;;;2017-02-08 20:13:17;2015-08-16 15:27:17;I;;;5726;001;;;;;;ACT;SUPERAVIT POR VALUACION DE ACTIVOS FINANCIEROS DIS;30501;3;;3;        SUPERAVIT POR VALUACION DE ACTIVOS FINANCIEROS DIS;REA;5;AUX
0015727;;;;2017-02-08 20:13:17;2015-08-16 15:27:17;I;;;5727;001;;;;;;ACT;SUPERAVIT POR REVALUACIAN DE PROPIEDADES. PLANTA Y;30502;3;;3;        SUPERAVIT POR REVALUACIAN DE PROPIEDADES. PLANTA Y;REA;5;AUX
0015728;;;;2017-02-08 20:13:17;2015-08-16 15:27:17;I;;;5728;001;;;;;;ACT;SUPERAVIT POR REVALUACION DE ACTIVOS INTANGIBLES;30503;3;;3;        SUPERAVIT POR REVALUACION DE ACTIVOS INTANGIBLES;REA;5;AUX
0015729;;;;2017-02-08 20:13:17;2015-08-16 15:27:17;I;;;5729;001;;;;;;ACT;OTROS SUPERAVIT POR REVALUACION;30504;3;;3;        OTROS SUPERAVIT POR REVALUACION;REA;5;AUX
0015730;;;;2017-02-08 20:13:17;2015-08-16 15:27:17;I;;;5730;001;;;;;;ACT;RESULTADOS ACUMULADOS;306;2;;3;      RESULTADOS ACUMULADOS;REA;3;MAY
0015731;;;;2017-02-08 20:13:17;2015-08-16 15:27:17;I;;;5731;001;;;;;;ACT;GANANCIAS ACUMULADAS;30601;3;;3;        GANANCIAS ACUMULADAS;REA;5;MAY
0015732;;;;2017-02-08 20:13:17;2015-08-16 15:27:17;I;;;5732;001;;;;;;ACT;UTILIDAD AÑOS ANTERIORES;3060101;4;;3;          UTILIDAD AÑOS ANTERIORES;REA;7;AUX
0015733;;;;2017-02-08 20:13:17;2015-08-16 15:27:17;I;;;5733;001;;;;;;ACT;(-) PÉRDIDAS ACUMULADAS;30602;3;;3;        (-) PÉRDIDAS ACUMULADAS;REA;5;AUX
0015734;;;;2017-02-08 20:13:17;2015-08-16 15:27:17;I;;;5734;001;;;;;;ACT;RESULTADOS ACUMULADOS PROVENIENTES DE LA ADOPCION;30603;3;;3;        RESULTADOS ACUMULADOS PROVENIENTES DE LA ADOPCION;REA;5;MAY
0015735;;;;2017-02-08 20:13:17;2015-08-16 15:27:17;I;;;5735;001;;;;;;ACT;RESULTADOS ACUMULADOS PROVENIENTES DE LA ADOPCION;3060301;4;;3;          RESULTADOS ACUMULADOS PROVENIENTES DE LA ADOPCION;REA;7;AUX
0015736;;;;2017-02-08 20:13:17;2015-08-16 15:27:17;I;;;5736;001;;;;;;ACT;RESULTADOS DEL EJERCICIO;307;2;;3;      RESULTADOS DEL EJERCICIO;REA;3;MAY
0015737;;;;2017-02-08 20:13:17;2015-08-16 15:27:17;I;;;5737;001;;;;;;ACT;GANANCIA NETA DEL PERIODO;30701;3;;3;        GANANCIA NETA DEL PERIODO;REA;5;MAY
0015738;;;;2017-02-08 20:13:17;2015-08-16 15:27:17;I;;;5738;001;;;;;;ACT;UTILIDAD DEL EJERCICIO;3070101;4;;3;          UTILIDAD DEL EJERCICIO;REA;7;AUX
0015739;;;;2017-02-08 20:13:17;2015-08-16 15:27:17;I;;;5739;001;;;;;;ACT;(-) PÉRDIDA NETA DEL PERIODO;30702;3;;3;        (-) PÉRDIDA NETA DEL PERIODO;REA;5;MAY
0015740;;;;2017-02-08 20:13:17;2015-08-16 15:27:17;I;;;5740;001;;;;;;ACT;(-) PÈRDIDA NETA DEL EJERCICIO;3070201;4;;3;          (-) PÈRDIDA NETA DEL EJERCICIO;REA;7;AUX
0015741;;;;2017-02-08 20:13:17;2015-08-16 15:27:17;I;;;5741;001;;;;;;ACT;INGRESOS;4;1;;4;INGRESOS;CNO;1;MAY
0015742;;;;2017-02-08 20:13:17;2015-08-16 15:27:17;I;;;5742;001;;;;;;ACT;INGRESOS DE ACTIVIDADES ORDINARIAS;41;2;;4;      INGRESOS DE ACTIVIDADES ORDINARIAS;CNO;2;MAY
0015743;;;;2017-02-08 20:13:17;2015-08-16 15:27:17;I;;;5743;001;;;;;;ACT;VENTA DE BIENES;4101;3;;4;        VENTA DE BIENES;CNO;4;MAY
0015744;;;;2017-02-08 20:13:17;2015-08-16 15:27:17;I;;;5744;001;;;;;;ACT;VENTAS TARIFA 12%;410101;4;;4;          VENTAS TARIFA 12%;CNO;6;AUX
0015745;;;;2017-02-08 20:13:17;2015-08-16 15:27:17;I;;;5745;001;;;;;;ACT;PRESTACION DE SERVICIOS;4102;3;;4;        PRESTACION DE SERVICIOS;CNO;4;MAY
0015746;;;;2017-02-08 20:13:17;2015-08-16 15:27:17;I;;;5746;001;;;;;;ACT;VENTAS TARIFA 0%;410201;4;;4;          VENTAS TARIFA 0%;CNO;6;AUX
0015747;;;;2017-02-08 20:13:17;2015-08-16 15:27:17;I;;;5747;001;;;;;;ACT;CONTRATOS DE CONSTRUCCION;4103;3;;4;        CONTRATOS DE CONSTRUCCION;CNO;4;AUX
0015748;;;;2017-02-08 20:13:17;2015-08-16 15:27:17;I;;;5748;001;;;;;;ACT;SUBVENCIONES DEL GOBIERNO;4104;3;;4;        SUBVENCIONES DEL GOBIERNO;CNO;4;AUX
0015749;;;;2017-02-08 20:13:17;2015-08-16 15:27:17;I;;;5749;001;;;;;;ACT;REGAL+AS;4105;3;;4;        REGAL+AS;CNO;4;AUX
0015750;;;;2017-02-08 20:13:17;2015-08-16 15:27:17;I;;;5750;001;;;;;;ACT;INTERESES;4106;3;;4;        INTERESES;CNO;4;AUX
0015751;;;;2017-02-08 20:13:17;2015-08-16 15:27:17;I;;;5751;001;;;;;;ACT;DIVIDENDOS;4107;3;;4;        DIVIDENDOS;CNO;4;AUX
0015752;;;;2017-02-08 20:13:17;2015-08-16 15:27:17;I;;;5752;001;;;;;;ACT;GANANCIA POR MEDICION A VALOR RAZONABLE  DE ACTIVOS BIOLOGICOS;4108;3;;4;        GANANCIA POR MEDICION A VALOR RAZONABLE  DE ACTIVOS BIOLOGICOS;CNO;4;AUX
0015753;;;;2017-02-08 20:13:17;2015-08-16 15:27:17;I;;;5753;001;;;;;;ACT;OTROS INGRESOS DE ACTIVIDADES ORDINARIAS;4109;3;;4;        OTROS INGRESOS DE ACTIVIDADES ORDINARIAS;CNO;4;AUX
0015754;;;;2017-02-08 20:13:17;2015-08-16 15:27:17;I;;;5754;001;;;;;;ACT;(-) DESCUENTO EN VENTAS;4110;3;;4;        (-) DESCUENTO EN VENTAS;CNO;4;MAY
0015755;;;;2017-02-08 20:13:17;2015-08-16 15:27:17;I;;;5755;001;;;;;;ACT;DESCUENTO EN VENTAS;411001;4;;4;          DESCUENTO EN VENTAS;CNO;6;AUX
0015756;;;;2017-02-08 20:13:17;2015-08-16 15:27:17;I;;;5756;001;;;;;;ACT;(-) DEVOLUCIONES EN VENTAS;4111;3;;4;        (-) DEVOLUCIONES EN VENTAS;CNO;4;MAY
0015757;;;;2017-02-08 20:13:17;2015-08-16 15:27:17;I;;;5757;001;;;;;;ACT;DEVOLUCION EN VENTAS;411101;4;;4;          DEVOLUCION EN VENTAS;CNO;6;AUX
0015758;;;;2017-02-08 20:13:17;2015-08-16 15:27:17;I;;;5758;001;;;;;;ACT;(-) BONIFICACIAN EN PRODUCTO;4112;3;;4;        (-) BONIFICACIAN EN PRODUCTO;CNO;4;MAY
0015759;;;;2017-02-08 20:13:17;2015-08-16 15:27:17;I;;;5759;001;;;;;;ACT;BONIFICACIÓN EN PRODUCTO;411201;4;;4;          BONIFICACIÓN EN PRODUCTO;CNO;6;AUX
0015760;;;;2017-02-08 20:13:17;2015-08-16 15:27:17;I;;;5760;001;;;;;;ACT;(-) OTRAS REBAJAS COMERCIALES;4113;3;;4;        (-) OTRAS REBAJAS COMERCIALES;CNO;4;MAY
0015761;;;;2017-02-08 20:13:17;2015-08-16 15:27:17;I;;;5761;001;;;;;;ACT;REBAJAS COMERCIALES;411301;4;;4;          REBAJAS COMERCIALES;CNO;6;AUX
0015762;;;;2017-02-08 20:13:17;2015-08-16 15:27:17;I;;;5762;001;;;;;;ACT;OTROS INGRESOS;43;2;;4;      OTROS INGRESOS;CNO;2;MAY
0015763;;;;2017-02-08 20:13:17;2015-08-16 15:27:17;I;;;5763;001;;;;;;ACT;DIVIDENDOS;4301;3;;4;        DIVIDENDOS;CNO;4;AUX
0015764;;;;2017-02-08 20:13:17;2015-08-16 15:27:17;I;;;5764;001;;;;;;ACT;INTERESES FINANCIEROS;4302;3;;4;        INTERESES FINANCIEROS;CNO;4;MAY
0015765;;;;2017-02-08 20:13:17;2015-08-16 15:27:17;I;;;5765;001;;;;;;ACT;INTERESES BANCARIOS;430201;4;;4;          INTERESES BANCARIOS;CNO;6;AUX
0015766;;;;2017-02-08 20:13:17;2015-08-16 15:27:17;I;;;5766;001;;;;;;ACT;INTERESES EN INVERSIONES;430202;4;;4;          INTERESES EN INVERSIONES;CNO;6;AUX
0015767;;;;2017-02-08 20:13:17;2015-08-16 15:27:17;I;;;5767;001;;;;;;ACT;GANANCIA EN INVERSIONES EN ASOCIADAS / SUBSIDIARIA;4303;3;;4;        GANANCIA EN INVERSIONES EN ASOCIADAS / SUBSIDIARIA;CNO;4;AUX
0015768;;;;2017-02-08 20:13:17;2015-08-16 15:27:17;I;;;5768;001;;;;;;ACT;VALUACION DE INSTRUMENTOS FINANCIEROS A VALOR RAZO;4304;3;;4;        VALUACION DE INSTRUMENTOS FINANCIEROS A VALOR RAZO;CNO;4;AUX
0015769;;;;2017-02-08 20:13:17;2015-08-16 15:27:17;I;;;5769;001;;;;;;ACT;OTRAS RENTAS;4305;3;;4;        OTRAS RENTAS;CNO;4;MAY
0015770;;;;2017-02-08 20:13:17;2015-08-16 15:27:17;I;;;5770;001;;;;;;ACT;INGRESOS POR CHEQUES PROTESTADOS;430501;4;;4;          INGRESOS POR CHEQUES PROTESTADOS;CNO;6;AUX
0015771;;;;2017-02-08 20:13:17;2015-08-16 15:27:17;I;;;5771;001;;;;;;ACT;FLEXI Y PROMO;430502;4;;4;          FLEXI Y PROMO;CNO;6;AUX
0015772;;;;2017-02-08 20:13:17;2015-08-16 15:27:17;I;;;5772;001;;;;;;ACT;BONIFICACION POR CUMPLIMIENTO DE CUOTA;430503;4;;4;          BONIFICACION POR CUMPLIMIENTO DE CUOTA;CNO;6;AUX
0015773;;;;2017-02-08 20:13:17;2015-08-16 15:27:17;I;;;5773;001;;;;;;ACT;OTROS INGRESOS;430504;4;;4;          OTROS INGRESOS;CNO;6;AUX
0015774;;;;2017-02-08 20:13:17;2015-08-16 15:27:17;I;;;5774;001;;;;;;ACT;INGRESOS POR REEMBOLSO;4306;3;;4;        INGRESOS POR REEMBOLSO;CNO;4;AUX
0015775;;;;2017-02-08 20:13:17;2015-08-16 15:27:17;I;;;5775;001;;;;;;ACT;COSTOS Y GASTOS;5;1;;5;COSTOS Y GASTOS;CNO;1;MAY
0015776;;;;2017-02-08 20:13:17;2015-08-16 15:27:17;I;;;5776;001;;;;;;ACT;COSTO DE VENTAS Y PRODUCCIAN;51;2;;5;      COSTO DE VENTAS Y PRODUCCIAN;CNO;2;MAY
0015777;;;;2017-02-08 20:13:17;2015-08-16 15:27:17;I;;;5777;001;;;;;;ACT;MATERIALES UTILIZADOS O PRODUCTOS VENDIDOS;5101;3;;5;        MATERIALES UTILIZADOS O PRODUCTOS VENDIDOS;CNO;4;MAY
0015778;;;;2017-02-08 20:13:17;2015-08-16 15:27:17;I;;;5778;001;;;;;;ACT;(+) INVENTARIO INICIAL DE BIENES NO PRODUCIDOS POR;510101;4;;5;          (+) INVENTARIO INICIAL DE BIENES NO PRODUCIDOS POR;CNO;6;MAY
0015779;;;;2017-02-08 20:13:17;2015-08-16 15:27:17;I;;;5779;001;;;;;;ACT;(+) INVENTARIO INICIAL DE BIENES NO PRODUCIDOS POR;51010101;5;;5;            (+) INVENTARIO INICIAL DE BIENES NO PRODUCIDOS POR;CNO;8;AUX
0015780;;;;2017-02-08 20:13:17;2015-08-16 15:27:17;I;;;5780;001;;;;;;ACT;(+) COMPRAS NETAS LOCALES DE BIENES NO PRODUCIDOS;510102;4;;5;          (+) COMPRAS NETAS LOCALES DE BIENES NO PRODUCIDOS;CNO;6;MAY
0015781;;;;2017-02-08 20:13:17;2015-08-16 15:27:17;I;;;5781;001;;;;;;ACT;(+) COMPRAS LOCALES DE BIENES NO PRODUCIDOS POR LA;51010201;5;;5;            (+) COMPRAS LOCALES DE BIENES NO PRODUCIDOS POR LA;CNO;8;AUX
0015782;;;;2017-02-08 20:13:17;2015-08-16 15:27:17;I;;;5782;001;;;;;;ACT;(-) DEVOLUCION LOCAL DE BIENES NO PRODUCIDOS;51010202;5;;5;            (-) DEVOLUCION LOCAL DE BIENES NO PRODUCIDOS;CNO;8;AUX
0015783;;;;2017-02-08 20:13:17;2015-08-16 15:27:17;I;;;5783;001;;;;;;ACT;(-) DESCUENTO LOCAL DE BIENES NO PRODUCIDOS;51010203;5;;5;            (-) DESCUENTO LOCAL DE BIENES NO PRODUCIDOS;CNO;8;AUX
0015784;;;;2017-02-08 20:13:17;2015-08-16 15:27:17;I;;;5784;001;;;;;;ACT;(+) IMPORTACIONES DE BIENES NO PRODUCIDOS POR EL S;510103;4;;5;          (+) IMPORTACIONES DE BIENES NO PRODUCIDOS POR EL S;CNO;6;MAY
0015785;;;;2017-02-08 20:13:17;2015-08-16 15:27:17;I;;;5785;001;;;;;;ACT;IMP-010115;51010323;5;;5;            IMP-010115;CNO;8;AUX
0015786;;;;2017-02-08 20:13:17;2015-08-16 15:27:17;I;;;5786;001;;;;;;ACT;IMP-020315;51010324;5;;5;            IMP-020315;CNO;8;AUX
0015787;;;;2017-02-08 20:13:17;2015-08-16 15:27:17;I;;;5787;001;;;;;;ACT;IMP-030315;51010325;5;;5;            IMP-030315;CNO;8;AUX
0015788;;;;2017-02-08 20:13:17;2015-08-16 15:27:17;I;;;5788;001;;;;;;ACT;(-) INVENTARIO FINAL DE BIENES NO PRODUCIDOS POR E;510104;4;;5;          (-) INVENTARIO FINAL DE BIENES NO PRODUCIDOS POR E;CNO;6;MAY
0015789;;;;2017-02-08 20:13:17;2015-08-16 15:27:17;I;;;5789;001;;;;;;ACT;(-) INVENTARIO FINAL DE BIENES NO PRODUCIDOS POR L;51010401;5;;5;            (-) INVENTARIO FINAL DE BIENES NO PRODUCIDOS POR L;CNO;8;AUX
0015790;;;;2017-02-08 20:13:17;2015-08-16 15:27:17;I;;;5790;001;;;;;;ACT;(+) INVENTARIO INICIAL DE MATERIA PRIMA;510105;4;;5;          (+) INVENTARIO INICIAL DE MATERIA PRIMA;CNO;6;AUX
0015791;;;;2017-02-08 20:13:17;2015-08-16 15:27:17;I;;;5791;001;;;;;;ACT;(+) COMPRAS NETAS LOCALES DE MATERIA PRIMA;510106;4;;5;          (+) COMPRAS NETAS LOCALES DE MATERIA PRIMA;CNO;6;AUX
0015792;;;;2017-02-08 20:13:17;2015-08-16 15:27:17;I;;;5792;001;;;;;;ACT;(+) IMPORTACIONES DE MATERIA PRIMA;510107;4;;5;          (+) IMPORTACIONES DE MATERIA PRIMA;CNO;6;AUX
0015793;;;;2017-02-08 20:13:17;2015-08-16 15:27:17;I;;;5793;001;;;;;;ACT;(-) INVENTARIO FINAL DE MATERIA PRIMA;510108;4;;5;          (-) INVENTARIO FINAL DE MATERIA PRIMA;CNO;6;AUX
0015794;;;;2017-02-08 20:13:17;2015-08-16 15:27:17;I;;;5794;001;;;;;;ACT;(+) INVENTARIO INICIAL DE PRODUCTOS EN PROCESO;510109;4;;5;          (+) INVENTARIO INICIAL DE PRODUCTOS EN PROCESO;CNO;6;AUX
0015795;;;;2017-02-08 20:13:17;2015-08-16 15:27:17;I;;;5795;001;;;;;;ACT;(-) INVENTARIO FINAL DE PRODUCTOS EN PROCESO;510110;4;;5;          (-) INVENTARIO FINAL DE PRODUCTOS EN PROCESO;CNO;6;AUX
0015796;;;;2017-02-08 20:13:17;2015-08-16 15:27:17;I;;;5796;001;;;;;;ACT;(+) INVENTARIO INICIAL PRODUCTOS TERMINADOS;510111;4;;5;          (+) INVENTARIO INICIAL PRODUCTOS TERMINADOS;CNO;6;AUX
0015797;;;;2017-02-08 20:13:17;2015-08-16 15:27:17;I;;;5797;001;;;;;;ACT;(-) INVENTARIO FINAL DE PRODUCTOS TERMINADOS;510112;4;;5;          (-) INVENTARIO FINAL DE PRODUCTOS TERMINADOS;CNO;6;AUX
0015798;;;;2017-02-08 20:13:17;2015-08-16 15:27:17;I;;;5798;001;;;;;;ACT;(+) MANO DE OBRA DIRECTA;5102;3;;5;        (+) MANO DE OBRA DIRECTA;CNO;4;MAY
0015799;;;;2017-02-08 20:13:17;2015-08-16 15:27:17;I;;;5799;001;;;;;;ACT;SUELDOS Y BENEFICIOS SOCIALES;510201;4;;5;          SUELDOS Y BENEFICIOS SOCIALES;CNO;6;AUX
0015800;;;;2017-02-08 20:13:17;2015-08-16 15:27:17;I;;;5800;001;;;;;;ACT;GASTO PLANES DE BENEFICIOS A EMPLEADOS;510202;4;;5;          GASTO PLANES DE BENEFICIOS A EMPLEADOS;CNO;6;AUX
0015801;;;;2017-02-08 20:13:17;2015-08-16 15:27:17;I;;;5801;001;;;;;;ACT;(+) MANO DE OBRA INDIRECTA;5103;3;;5;        (+) MANO DE OBRA INDIRECTA;CNO;4;MAY
0015802;;;;2017-02-08 20:13:17;2015-08-16 15:27:17;I;;;5802;001;;;;;;ACT;SUELDOS Y BENEFICIOS SOCIALES;510301;4;;5;          SUELDOS Y BENEFICIOS SOCIALES;CNO;6;AUX
0015803;;;;2017-02-08 20:13:17;2015-08-16 15:27:17;I;;;5803;001;;;;;;ACT;GASTO PLANES DE BENEFICIOS A EMPLEADOS;510302;4;;5;          GASTO PLANES DE BENEFICIOS A EMPLEADOS;CNO;6;AUX
0015804;;;;2017-02-08 20:13:17;2015-08-16 15:27:17;I;;;5804;001;;;;;;ACT;(+) COSTOS INDIRECTOS DE FABRICACION;5104;3;;5;        (+) COSTOS INDIRECTOS DE FABRICACION;CNO;4;MAY
0015805;;;;2017-02-08 20:13:17;2015-08-16 15:27:17;I;;;5805;001;;;;;;ACT;DEPRECIACIAN PROPIEDADES. PLANTA Y EQUIPO;510401;4;;5;          DEPRECIACIAN PROPIEDADES. PLANTA Y EQUIPO;CNO;6;AUX
0015806;;;;2017-02-08 20:13:17;2015-08-16 15:27:17;I;;;5806;001;;;;;;ACT;DEPRECIACIAN DE ACTIVOS BIOLOGICOS;510402;4;;5;          DEPRECIACIAN DE ACTIVOS BIOLOGICOS;CNO;6;AUX
0015807;;;;2017-02-08 20:13:17;2015-08-16 15:27:17;I;;;5807;001;;;;;;ACT;DETERIORO DE PROPIEDAD. PLANTA Y EQUIPO;510403;4;;5;          DETERIORO DE PROPIEDAD. PLANTA Y EQUIPO;CNO;6;AUX
0015808;;;;2017-02-08 20:13:17;2015-08-16 15:27:17;I;;;5808;001;;;;;;ACT;EFECTO VALOR NETO DE REALIZACION DE INVENTARIOS;510404;4;;5;          EFECTO VALOR NETO DE REALIZACION DE INVENTARIOS;CNO;6;AUX
0015809;;;;2017-02-08 20:13:17;2015-08-16 15:27:17;I;;;5809;001;;;;;;ACT;GASTO POR GARANTIAS EN VENTA DE PRODUCTOS O SERVIC;510405;4;;5;          GASTO POR GARANTIAS EN VENTA DE PRODUCTOS O SERVIC;CNO;6;AUX
0015810;;;;2017-02-08 20:13:17;2015-08-16 15:27:17;I;;;5810;001;;;;;;ACT;MANTENIMIENTO Y REPARACIONES;510406;4;;5;          MANTENIMIENTO Y REPARACIONES;CNO;6;AUX
0015811;;;;2017-02-08 20:13:17;2015-08-16 15:27:17;I;;;5811;001;;;;;;ACT;SUMINISTROS MATERIALES Y REPUESTOS;510407;4;;5;          SUMINISTROS MATERIALES Y REPUESTOS;CNO;6;AUX
0015812;;;;2017-02-08 20:13:17;2015-08-16 15:27:17;I;;;5812;001;;;;;;ACT;OTROS COSTOS DE PRODUCCIAN;510408;4;;5;          OTROS COSTOS DE PRODUCCIAN;CNO;6;AUX
0015813;;;;2017-02-08 20:13:17;2015-08-16 15:27:17;I;;;5813;001;;;;;;ACT;COSTOS POR SERVICIOS;510409;4;;5;          COSTOS POR SERVICIOS;CNO;6;MAY
0015814;;;;2017-02-08 20:13:17;2015-08-16 15:27:17;I;;;5814;001;;;;;;ACT;COSTOS SERVICIOS PRESTADOS;51040901;5;;5;            COSTOS SERVICIOS PRESTADOS;CNO;8;AUX
0015815;;;;2017-02-08 20:13:17;2015-08-16 15:27:17;I;;;5815;001;;;;;;ACT;OTROS GASTOS DE IMPORTACION;51040902;5;;5;            OTROS GASTOS DE IMPORTACION;CNO;8;AUX
0015816;;;;2017-02-08 20:13:19;2015-08-16 15:27:17;I;;;5816;001;;;;;;ACT;GASTOS;52;2;;5;      GASTOS;CNO;2;MAY
0015817;;;;2017-02-08 20:13:18;2015-08-16 15:27:17;I;;;5817;001;;;;;;ACT;GASTOS DE VENTAS;5201;3;;5;        GASTOS DE VENTAS;CNO;4;MAY
0015818;;;;2017-02-08 20:13:18;2015-08-16 15:27:17;I;;;5818;001;;;;;;ACT;SUELDOS. SALARIOS Y DEM¦S REMUNERACIONES;520101;4;;5;          SUELDOS. SALARIOS Y DEM¦S REMUNERACIONES;CNO;6;MAY
0015819;;;;2017-02-08 20:13:17;2015-08-16 15:27:17;I;;;5819;001;;;;;;ACT;SUELDOS VENDEDORES;52010101;5;;5;            SUELDOS VENDEDORES;CNO;8;AUX
0015820;;;;2017-02-08 20:13:17;2015-08-16 15:27:17;I;;;5820;001;;;;;;ACT;HORAS EXTRAS;52010102;5;;5;            HORAS EXTRAS;CNO;8;AUX
0015821;;;;2017-02-08 20:13:17;2015-08-16 15:27:17;I;;;5821;001;;;;;;ACT;COMISIONES QUITO;52010103;5;;5;            COMISIONES QUITO;CNO;8;AUX
0015822;;;;2017-02-08 20:13:17;2015-08-16 15:27:17;I;;;5822;001;;;;;;ACT;COMISIONES GUAYAQUIL;52010104;5;;5;            COMISIONES GUAYAQUIL;CNO;8;AUX
0015823;;;;2017-02-08 20:13:17;2015-08-16 15:27:17;I;;;5823;001;;;;;;ACT;COMISIONES CUENCA;52010105;5;;5;            COMISIONES CUENCA;CNO;8;AUX
0015824;;;;2017-02-08 20:13:17;2015-08-16 15:27:17;I;;;5824;001;;;;;;ACT;MOVILIZACION;52010106;5;;5;            MOVILIZACION;CNO;8;AUX
0015825;;;;2017-02-08 20:13:18;2015-08-16 15:27:17;I;;;5825;001;;;;;;ACT;OTRAS REMUNERACIONES;52010107;5;;5;            OTRAS REMUNERACIONES;CNO;8;AUX
0015826;;;;2017-02-08 20:13:18;2015-08-16 15:27:17;I;;;5826;001;;;;;;ACT;APORTES A LA SEGURIDAD SOCIAL (INCLUIDO FONDO DE R;520102;4;;5;          APORTES A LA SEGURIDAD SOCIAL (INCLUIDO FONDO DE R;CNO;6;MAY
0015827;;;;2017-02-08 20:13:18;2015-08-16 15:27:17;I;;;5827;001;;;;;;ACT;APORTE PATRONAL;52010201;5;;5;            APORTE PATRONAL;CNO;8;AUX
0015828;;;;2017-02-08 20:13:18;2015-08-16 15:27:17;I;;;5828;001;;;;;;ACT;FONDO DE RESERVA;52010202;5;;5;            FONDO DE RESERVA;CNO;8;AUX
0015829;;;;2017-02-08 20:13:18;2015-08-16 15:27:17;I;;;5829;001;;;;;;ACT;BENEFICIOS SOCIALES E INDEMNIZACIONES;520103;4;;5;          BENEFICIOS SOCIALES E INDEMNIZACIONES;CNO;6;MAY
0015830;;;;2017-02-08 20:13:18;2015-08-16 15:27:17;I;;;5830;001;;;;;;ACT;DECIMO TERCER SUELDO;52010301;5;;5;            DECIMO TERCER SUELDO;CNO;8;AUX
0015831;;;;2017-02-08 20:13:18;2015-08-16 15:27:17;I;;;5831;001;;;;;;ACT;DECIMO CUARTO SUELDO;52010302;5;;5;            DECIMO CUARTO SUELDO;CNO;8;AUX
0015832;;;;2017-02-08 20:13:18;2015-08-16 15:27:17;I;;;5832;001;;;;;;ACT;VACACIONES;52010303;5;;5;            VACACIONES;CNO;8;AUX
0015833;;;;2017-02-08 20:13:18;2015-08-16 15:27:17;I;;;5833;001;;;;;;ACT;INDEMNIZACIONES;52010304;5;;5;            INDEMNIZACIONES;CNO;8;AUX
0015834;;;;2017-02-08 20:13:18;2015-08-16 15:27:17;I;;;5834;001;;;;;;ACT;GASTO PLANES DE BENEFICIOS A EMPLEADOS;520104;4;;5;          GASTO PLANES DE BENEFICIOS A EMPLEADOS;CNO;6;MAY
0015835;;;;2017-02-08 20:13:18;2015-08-16 15:27:17;I;;;5835;001;;;;;;ACT;SEGURO DE SALUD A EMPLEADOS;52010401;5;;5;            SEGURO DE SALUD A EMPLEADOS;CNO;8;AUX
0015836;;;;2017-02-08 20:13:18;2015-08-16 15:27:17;I;;;5836;001;;;;;;ACT;UNIFORMES EMPLEADOS;52010402;5;;5;            UNIFORMES EMPLEADOS;CNO;8;AUX
0015837;;;;2017-02-08 20:13:18;2015-08-16 15:27:17;I;;;5837;001;;;;;;ACT;CAPACITACION EMPLEADOS;52010403;5;;5;            CAPACITACION EMPLEADOS;CNO;8;AUX
0015838;;;;2017-02-08 20:13:18;2015-08-16 15:27:17;I;;;5838;001;;;;;;ACT;REFRIGERIO EMPLEADOS;52010404;5;;5;            REFRIGERIO EMPLEADOS;CNO;8;AUX
0015839;;;;2017-02-08 20:13:18;2015-08-16 15:27:17;I;;;5839;001;;;;;;ACT;BENEFICIOS ADICIONALES;52010405;5;;5;            BENEFICIOS ADICIONALES;CNO;8;AUX
0015840;;;;2017-02-08 20:13:18;2015-08-16 15:27:17;I;;;5840;001;;;;;;ACT;HONORARIOS. COMISIONES Y DIETAS A PERSONAS NATURAL;520105;4;;5;          HONORARIOS. COMISIONES Y DIETAS A PERSONAS NATURAL;CNO;6;MAY
0015843;;;;2017-02-08 20:13:18;2015-08-16 15:27:17;I;;;5843;001;;;;;;ACT;HONORARIOS PROFESIONALES (LEGALES);52010501;5;;5;            HONORARIOS PROFESIONALES (LEGALES);CNO;8;AUX
0015842;;;;2017-02-08 20:13:18;2015-08-16 15:27:17;I;;;5842;001;;;;;;ACT;HONORARIOS PROFESIONALES (SISTEMAS);52010501;5;;5;            HONORARIOS PROFESIONALES (SISTEMAS);CNO;8;AUX
0015841;;;;2017-02-08 20:13:18;2015-08-16 15:27:17;I;;;5841;001;;;;;;ACT;HONORARIOS PROFESIONALES (ASESORIAS);52010501;5;;5;            HONORARIOS PROFESIONALES (ASESORIAS);CNO;8;AUX
0015844;;;;2017-02-08 20:13:18;2015-08-16 15:27:17;I;;;5844;001;;;;;;ACT;REMUNERACIONES A OTROS TRABAJADORES AUTANOMOS;520106;4;;5;          REMUNERACIONES A OTROS TRABAJADORES AUTANOMOS;CNO;6;MAY
0015845;;;;2017-02-08 20:13:18;2015-08-16 15:27:17;I;;;5845;001;;;;;;ACT;REMUNERACIONES PREDOMINA EL INTELECTO;52010601;5;;5;            REMUNERACIONES PREDOMINA EL INTELECTO;CNO;8;AUX
0015846;;;;2017-02-08 20:13:18;2015-08-16 15:27:17;I;;;5846;001;;;;;;ACT;REMUNERACIONES PREDOMINA LA MANO DE OBRA;52010601;5;;5;            REMUNERACIONES PREDOMINA LA MANO DE OBRA;CNO;8;AUX
0015847;;;;2017-02-08 20:13:18;2015-08-16 15:27:17;I;;;5847;001;;;;;;ACT;HONORARIOS A EXTRANJEROS POR SERVICIOS OCASIONALES;520107;4;;5;          HONORARIOS A EXTRANJEROS POR SERVICIOS OCASIONALES;CNO;6;AUX
0015848;;;;2017-02-08 20:13:18;2015-08-16 15:27:17;I;;;5848;001;;;;;;ACT;MANTENIMIENTO Y REPARACIONES;520108;4;;5;          MANTENIMIENTO Y REPARACIONES;CNO;6;MAY
0015849;;;;2017-02-08 20:13:18;2015-08-16 15:27:17;I;;;5849;001;;;;;;ACT;MANTENIMIENTO Y REPARACION VEHICULOS;52010801;5;;5;            MANTENIMIENTO Y REPARACION VEHICULOS;CNO;8;AUX
0015850;;;;2017-02-08 20:13:18;2015-08-16 15:27:17;I;;;5850;001;;;;;;ACT;MANTENIMIENTO Y REPARACION OFICINAS;52010802;5;;5;            MANTENIMIENTO Y REPARACION OFICINAS;CNO;8;AUX
0015851;;;;2017-02-08 20:13:18;2015-08-16 15:27:17;I;;;5851;001;;;;;;ACT;MANTENIMIENTO Y REPARACION OTROS ACTIVOS;52010803;5;;5;            MANTENIMIENTO Y REPARACION OTROS ACTIVOS;CNO;8;AUX
0015852;;;;2017-02-08 20:13:18;2015-08-16 15:27:17;I;;;5852;001;;;;;;ACT;ARRENDAMIENTO OPERATIVO;520109;4;;5;          ARRENDAMIENTO OPERATIVO;CNO;6;MAY
0015853;;;;2017-02-08 20:13:18;2015-08-16 15:27:17;I;;;5853;001;;;;;;ACT;ARRIENDO INMUEBLES;52010901;5;;5;            ARRIENDO INMUEBLES;CNO;8;AUX
0015854;;;;2017-02-08 20:13:18;2015-08-16 15:27:17;I;;;5854;001;;;;;;ACT;COMISIONES;520110;4;;5;          COMISIONES;CNO;6;MAY
0015855;;;;2017-02-08 20:13:18;2015-08-16 15:27:17;I;;;5855;001;;;;;;ACT;COMISIONES PERSONAS NATURALES;52011001;5;;5;            COMISIONES PERSONAS NATURALES;CNO;8;AUX
0015856;;;;2017-02-08 20:13:18;2015-08-16 15:27:17;I;;;5856;001;;;;;;ACT;COMISIONES SOCIEDADES;52011002;5;;5;            COMISIONES SOCIEDADES;CNO;8;AUX
0015857;;;;2017-02-08 20:13:18;2015-08-16 15:27:17;I;;;5857;001;;;;;;ACT;PROMOCIAN Y PUBLICIDAD;520111;4;;5;          PROMOCIAN Y PUBLICIDAD;CNO;6;MAY
0015858;;;;2017-02-08 20:13:18;2015-08-16 15:27:17;I;;;5858;001;;;;;;ACT;PRODUCTOS PROMOCIONALES;52011101;5;;5;            PRODUCTOS PROMOCIONALES;CNO;8;AUX
0015859;;;;2017-02-08 20:13:18;2015-08-16 15:27:17;I;;;5859;001;;;;;;ACT;SEMINARIOS;52011102;5;;5;            SEMINARIOS;CNO;8;AUX
0015860;;;;2017-02-08 20:13:18;2015-08-16 15:27:17;I;;;5860;001;;;;;;ACT;MUESTRAS;52011103;5;;5;            MUESTRAS;CNO;8;AUX
0015861;;;;2017-02-08 20:13:18;2015-08-16 15:27:17;I;;;5861;001;;;;;;ACT;COMBUSTIBLES;520112;4;;5;          COMBUSTIBLES;CNO;6;MAY
0015862;;;;2017-02-08 20:13:18;2015-08-16 15:27:17;I;;;5862;001;;;;;;ACT;COMBUSTIBLES;52011201;5;;5;            COMBUSTIBLES;CNO;8;AUX
0015863;;;;2017-02-08 20:13:18;2015-08-16 15:27:17;I;;;5863;001;;;;;;ACT;LUBRICANTES;520113;4;;5;          LUBRICANTES;CNO;6;MAY
0015864;;;;2017-02-08 20:13:18;2015-08-16 15:27:18;I;;;5864;001;;;;;;ACT;LUBRICANTES;52011301;5;;5;            LUBRICANTES;CNO;8;AUX
0015865;;;;2017-02-08 20:13:18;2015-08-16 15:27:18;I;;;5865;001;;;;;;ACT;SEGUROS Y REASEGUROS (PRIMAS Y CESIONES);520114;4;;5;          SEGUROS Y REASEGUROS (PRIMAS Y CESIONES);CNO;6;MAY
0015866;;;;2017-02-08 20:13:18;2015-08-16 15:27:18;I;;;5866;001;;;;;;ACT;SEGUROS EMPRESA;52011401;5;;5;            SEGUROS EMPRESA;CNO;8;AUX
0015867;;;;2017-02-08 20:13:18;2015-08-16 15:27:18;I;;;5867;001;;;;;;ACT;SEGUROS EN TRANSPORTE;52011402;5;;5;            SEGUROS EN TRANSPORTE;CNO;8;AUX
0015868;;;;2017-02-08 20:13:18;2015-08-16 15:27:18;I;;;5868;001;;;;;;ACT;TRANSPORTE;520115;4;;5;          TRANSPORTE;CNO;6;MAY
0015869;;;;2017-02-08 20:13:18;2015-08-16 15:27:18;I;;;5869;001;;;;;;ACT;TRASPORTE DE MERCADERIA;52011501;5;;5;            TRASPORTE DE MERCADERIA;CNO;8;AUX
0015870;;;;2017-02-08 20:13:18;2015-08-16 15:27:18;I;;;5870;001;;;;;;ACT;ALQUILER VEHICULO PS;52011502;5;;5;            ALQUILER VEHICULO PS;CNO;8;AUX
0015871;;;;2017-02-08 20:13:18;2015-08-16 15:27:18;I;;;5871;001;;;;;;ACT;GASTOS DE GESTIAN (AGASAJOS ACCIO-TRAB-CLIEN);520116;4;;5;          GASTOS DE GESTIAN (AGASAJOS ACCIO-TRAB-CLIEN);CNO;6;MAY
0015872;;;;2017-02-08 20:13:18;2015-08-16 15:27:18;I;;;5872;001;;;;;;ACT;ATENCION DIRECTIVOS;52011601;5;;5;            ATENCION DIRECTIVOS;CNO;8;AUX
0015873;;;;2017-02-08 20:13:18;2015-08-16 15:27:18;I;;;5873;001;;;;;;ACT;ATENCION CLIENTES;52011602;5;;5;            ATENCION CLIENTES;CNO;8;AUX
0015874;;;;2017-02-08 20:13:18;2015-08-16 15:27:18;I;;;5874;001;;;;;;ACT;AGASAJOS EMPLEADOS;52011603;5;;5;            AGASAJOS EMPLEADOS;CNO;8;AUX
0015875;;;;2017-02-08 20:13:18;2015-08-16 15:27:18;I;;;5875;001;;;;;;ACT;GASTOS DE VIAJE;520117;4;;5;          GASTOS DE VIAJE;CNO;6;MAY
0015876;;;;2017-02-08 20:13:18;2015-08-16 15:27:18;I;;;5876;001;;;;;;ACT;VIAJES LOCALES;52011701;5;;5;            VIAJES LOCALES;CNO;8;AUX
0015877;;;;2017-02-08 20:13:18;2015-08-16 15:27:18;I;;;5877;001;;;;;;ACT;VIAJES INTERNACIONALES;52011702;5;;5;            VIAJES INTERNACIONALES;CNO;8;AUX
0015878;;;;2017-02-08 20:13:18;2015-08-16 15:27:18;I;;;5878;001;;;;;;ACT;VIATICOS VENDEDORAS;52011703;5;;5;            VIATICOS VENDEDORAS;CNO;8;AUX
0015879;;;;2017-02-08 20:13:18;2015-08-16 15:27:18;I;;;5879;001;;;;;;ACT;AGUA. ENERG+A. LUZ. Y TELECOMUNICACIONES;520118;4;;5;          AGUA. ENERG+A. LUZ. Y TELECOMUNICACIONES;CNO;6;MAY
0015880;;;;2017-02-08 20:13:18;2015-08-16 15:27:18;I;;;5880;001;;;;;;ACT;AGUA, LUZ Y TELEFONO;52011801;5;;5;            AGUA, LUZ Y TELEFONO;CNO;8;AUX
0015881;;;;2017-02-08 20:13:18;2015-08-16 15:27:18;I;;;5881;001;;;;;;ACT;INTERNET Y TV CABLE;52011802;5;;5;            INTERNET Y TV CABLE;CNO;8;AUX
0015882;;;;2017-02-08 20:13:18;2015-08-16 15:27:18;I;;;5882;001;;;;;;ACT;NOTARIOS Y REGISTRADORES DE LA PROPIEDAD O MERCANT;520119;4;;5;          NOTARIOS Y REGISTRADORES DE LA PROPIEDAD O MERCANT;CNO;6;AUX
0015883;;;;2017-02-08 20:13:18;2015-08-16 15:27:18;I;;;5883;001;;;;;;ACT;IMPUESTOS. CONTRIBUCIONES Y OTROS;520120;4;;5;          IMPUESTOS. CONTRIBUCIONES Y OTROS;CNO;6;MAY
0015884;;;;2017-02-08 20:13:18;2015-08-16 15:27:18;I;;;5884;001;;;;;;ACT;IMPUESTOS MUNICIPALES;52012001;5;;5;            IMPUESTOS MUNICIPALES;CNO;8;AUX
0015885;;;;2017-02-08 20:13:18;2015-08-16 15:27:18;I;;;5885;001;;;;;;ACT;SUPERINTENDENCIA DE COMPAÑIAS;52012002;5;;5;            SUPERINTENDENCIA DE COMPAÑIAS;CNO;8;AUX
0015886;;;;2017-02-08 20:13:18;2015-08-16 15:27:18;I;;;5886;001;;;;;;ACT;PERMISOS SANITARIOS;52012003;5;;5;            PERMISOS SANITARIOS;CNO;8;AUX
0015887;;;;2017-02-08 20:13:18;2015-08-16 15:27:18;I;;;5887;001;;;;;;ACT;IMPUESTOS ASUMIDOS;52012004;5;;5;            IMPUESTOS ASUMIDOS;CNO;8;AUX
0015888;;;;2017-02-08 20:13:18;2015-08-16 15:27:18;I;;;5888;001;;;;;;ACT;MATRICULAS * OTROS;52012005;5;;5;            MATRICULAS * OTROS;CNO;8;AUX
0015889;;;;2017-02-08 20:13:18;2015-08-16 15:27:18;I;;;5889;001;;;;;;ACT;DEPRECIACIONES;520121;4;;5;          DEPRECIACIONES;CNO;6;MAY
0015890;;;;2017-02-08 20:13:18;2015-08-16 15:27:18;I;;;5890;001;;;;;;ACT;PROPIEDADES. PLANTA Y EQUIPO;52012101;5;;5;            PROPIEDADES. PLANTA Y EQUIPO;CNO;8;AUX
0015891;;;;2017-02-08 20:13:18;2015-08-16 15:27:18;I;;;5891;001;;;;;;ACT;PROPIEDADES DE INVERSIÓN;52012102;5;;5;            PROPIEDADES DE INVERSIÓN;CNO;8;AUX
0015892;;;;2017-02-08 20:13:18;2015-08-16 15:27:18;I;;;5892;001;;;;;;ACT;AMORTIZACIONES;520122;4;;5;          AMORTIZACIONES;CNO;6;MAY
0015893;;;;2017-02-08 20:13:18;2015-08-16 15:27:18;I;;;5893;001;;;;;;ACT;INTANGIBLES;52012201;5;;5;            INTANGIBLES;CNO;8;AUX
0015894;;;;2017-02-08 20:13:18;2015-08-16 15:27:18;I;;;5894;001;;;;;;ACT;OTROS ACTIVOS;52012202;5;;5;            OTROS ACTIVOS;CNO;8;AUX
0015895;;;;2017-02-08 20:13:18;2015-08-16 15:27:18;I;;;5895;001;;;;;;ACT;GASTO DETERIORO;520123;4;;5;          GASTO DETERIORO;CNO;6;MAY
0015896;;;;2017-02-08 20:13:18;2015-08-16 15:27:18;I;;;5896;001;;;;;;ACT;PROPIEDADES. PLANTA Y EQUIPO;52012301;5;;5;            PROPIEDADES. PLANTA Y EQUIPO;CNO;8;AUX
0015897;;;;2017-02-08 20:13:18;2015-08-16 15:27:18;I;;;5897;001;;;;;;ACT;INVENTARIOS;52012302;5;;5;            INVENTARIOS;CNO;8;AUX
0015898;;;;2017-02-08 20:13:18;2015-08-16 15:27:18;I;;;5898;001;;;;;;ACT;INSTRUMENTOS FINANCIEROS;52012303;5;;5;            INSTRUMENTOS FINANCIEROS;CNO;8;AUX
0015899;;;;2017-02-08 20:13:18;2015-08-16 15:27:18;I;;;5899;001;;;;;;ACT;INTANGIBLES;52012304;5;;5;            INTANGIBLES;CNO;8;AUX
0015900;;;;2017-02-08 20:13:18;2015-08-16 15:27:18;I;;;5900;001;;;;;;ACT;CUENTAS POR COBRAR;52012305;5;;5;            CUENTAS POR COBRAR;CNO;8;AUX
0015901;;;;2017-02-08 20:13:18;2015-08-16 15:27:18;I;;;5901;001;;;;;;ACT;OTROS ACTIVOS;52012306;5;;5;            OTROS ACTIVOS;CNO;8;AUX
0015902;;;;2017-02-08 20:13:18;2015-08-16 15:27:18;I;;;5902;001;;;;;;ACT;GASTO POR REESTRUCTURACION;520124;4;;5;          GASTO POR REESTRUCTURACION;CNO;6;MAY
0015903;;;;2017-02-08 20:13:18;2015-08-16 15:27:18;I;;;5903;001;;;;;;ACT;VALOR NETO DE REALIZACION DE INVENTARIO;52012401;5;;5;            VALOR NETO DE REALIZACION DE INVENTARIO;CNO;8;AUX
0015904;;;;2017-02-08 20:13:18;2015-08-16 15:27:18;I;;;5904;001;;;;;;ACT;OTROS GASTOS;52012402;5;;5;            OTROS GASTOS;CNO;8;AUX
0015905;;;;2017-02-08 20:13:19;2015-08-16 15:27:18;I;;;5905;001;;;;;;ACT;GASTOS ADMINISTRATIVOS;5202;3;;5;        GASTOS ADMINISTRATIVOS;CNO;4;MAY
0015906;;;;2017-02-08 20:13:18;2015-08-16 15:27:18;I;;;5906;001;;;;;;ACT;SUELDOS. SALARIOS Y DEM¦S REMUNERACIONES;520201;4;;5;          SUELDOS. SALARIOS Y DEM¦S REMUNERACIONES;CNO;6;MAY
0015907;;;;2017-02-08 20:13:18;2015-08-16 15:27:18;I;;;5907;001;;;;;;ACT;SUELDOS OPERATIVOS;52020101;5;;5;            SUELDOS OPERATIVOS;CNO;8;AUX
0015908;;;;2017-02-08 20:13:18;2015-08-16 15:27:18;I;;;5908;001;;;;;;ACT;HORAS EXTRAS;52020102;5;;5;            HORAS EXTRAS;CNO;8;AUX
0015909;;;;2017-02-08 20:13:18;2015-08-16 15:27:18;I;;;5909;001;;;;;;ACT;SEMINARIOS;52020103;5;;5;            SEMINARIOS;CNO;8;AUX
0015910;;;;2017-02-08 20:13:18;2015-08-16 15:27:18;I;;;5910;001;;;;;;ACT;MOVILIZACIONES;52020104;5;;5;            MOVILIZACIONES;CNO;8;AUX
0015911;;;;2017-02-08 20:13:18;2015-08-16 15:27:18;I;;;5911;001;;;;;;ACT;OTRAS REMUNERACIONES;52020105;5;;5;            OTRAS REMUNERACIONES;CNO;8;AUX
0015912;;;;2017-02-08 20:13:18;2015-08-16 15:27:18;I;;;5912;001;;;;;;ACT;APORTES A LA SEGURIDAD SOCIAL (INCLUIDO FONDO DE R;520202;4;;5;          APORTES A LA SEGURIDAD SOCIAL (INCLUIDO FONDO DE R;CNO;6;MAY
0015913;;;;2017-02-08 20:13:18;2015-08-16 15:27:18;I;;;5913;001;;;;;;ACT;APORTE PATRONAL;52020201;5;;5;            APORTE PATRONAL;CNO;8;AUX
0015914;;;;2017-02-08 20:13:18;2015-08-16 15:27:18;I;;;5914;001;;;;;;ACT;FONDO DE RESERVA;52020202;5;;5;            FONDO DE RESERVA;CNO;8;AUX
0015915;;;;2017-02-08 20:13:18;2015-08-16 15:27:18;I;;;5915;001;;;;;;ACT;BENEFICIOS SOCIALES E INDEMNIZACIONES;520203;4;;5;          BENEFICIOS SOCIALES E INDEMNIZACIONES;CNO;6;MAY
0015916;;;;2017-02-08 20:13:18;2015-08-16 15:27:18;I;;;5916;001;;;;;;ACT;DECIMO TERCER SUELDO;52020301;5;;5;            DECIMO TERCER SUELDO;CNO;8;AUX
0015917;;;;2017-02-08 20:13:18;2015-08-16 15:27:18;I;;;5917;001;;;;;;ACT;DECIMO CUARTO SUELDO;52020302;5;;5;            DECIMO CUARTO SUELDO;CNO;8;AUX
0015918;;;;2017-02-08 20:13:18;2015-08-16 15:27:18;I;;;5918;001;;;;;;ACT;DESPIDO/DESAHUCIO;52020303;5;;5;            DESPIDO/DESAHUCIO;CNO;8;AUX
0015919;;;;2017-02-08 20:13:18;2015-08-16 15:27:18;I;;;5919;001;;;;;;ACT;JUBILACION PATRONAL;52020304;5;;5;            JUBILACION PATRONAL;CNO;8;AUX
0015920;;;;2017-02-08 20:13:18;2015-08-16 15:27:18;I;;;5920;001;;;;;;ACT;GASTO PLANES DE BENEFICIOS A EMPLEADOS;520204;4;;5;          GASTO PLANES DE BENEFICIOS A EMPLEADOS;CNO;6;MAY
0015921;;;;2017-02-08 20:13:18;2015-08-16 15:27:18;I;;;5921;001;;;;;;ACT;SEGURO DE SALUD EMPLEADOS;52020401;5;;5;            SEGURO DE SALUD EMPLEADOS;CNO;8;AUX
0015922;;;;2017-02-08 20:13:18;2015-08-16 15:27:18;I;;;5922;001;;;;;;ACT;UNIFORMES;52020402;5;;5;            UNIFORMES;CNO;8;AUX
0015923;;;;2017-02-08 20:13:18;2015-08-16 15:27:18;I;;;5923;001;;;;;;ACT;CAPACITACIÓN EMPLEADOS;52020403;5;;5;            CAPACITACIÓN EMPLEADOS;CNO;8;AUX
0015924;;;;2017-02-08 20:13:18;2015-08-16 15:27:18;I;;;5924;001;;;;;;ACT;ALIMENTACION;52020404;5;;5;            ALIMENTACION;CNO;8;AUX
0015925;;;;2017-02-08 20:13:18;2015-08-16 15:27:18;I;;;5925;001;;;;;;ACT;ATENCIONES MÉDICAS;52020405;5;;5;            ATENCIONES MÉDICAS;CNO;8;AUX
0015926;;;;2017-02-08 20:13:18;2015-08-16 15:27:18;I;;;5926;001;;;;;;ACT;HONORARIOS. COMISIONES Y DIETAS A PERSONAS NATURAL;520205;4;;5;          HONORARIOS. COMISIONES Y DIETAS A PERSONAS NATURAL;CNO;6;MAY
0015927;;;;2017-02-08 20:13:18;2015-08-16 15:27:18;I;;;5927;001;;;;;;ACT;HONORARIOS, COMISIONES Y DIETAS A PERSONAS NATURAL;52020501;5;;5;            HONORARIOS, COMISIONES Y DIETAS A PERSONAS NATURAL;CNO;8;AUX
0015928;;;;2017-02-08 20:13:18;2015-08-16 15:27:18;I;;;5928;001;;;;;;ACT;REMUNERACIONES A OTROS TRABAJADORES AUTANOMOS;520206;4;;5;          REMUNERACIONES A OTROS TRABAJADORES AUTANOMOS;CNO;6;MAY
0015929;;;;2017-02-08 20:13:18;2015-08-16 15:27:18;I;;;5929;001;;;;;;ACT;REMUNERACIONES PREDOMINA MANO DE OBRA;52020601;5;;5;            REMUNERACIONES PREDOMINA MANO DE OBRA;CNO;8;AUX
0015930;;;;2017-02-08 20:13:18;2015-08-16 15:27:18;I;;;5930;001;;;;;;ACT;REMUNERACIONES PREDOMINA EL INTELECTO;52020602;5;;5;            REMUNERACIONES PREDOMINA EL INTELECTO;CNO;8;AUX
0015931;;;;2017-02-08 20:13:18;2015-08-16 15:27:18;I;;;5931;001;;;;;;ACT;HONORARIOS A EXTRANJEROS POR SERVICIOS OCASIONALES;520207;4;;5;          HONORARIOS A EXTRANJEROS POR SERVICIOS OCASIONALES;CNO;6;AUX
0015932;;;;2017-02-08 20:13:19;2015-08-16 15:27:18;I;;;5932;001;;;;;;ACT;MANTENIMIENTO Y REPARACIONES;520208;4;;5;          MANTENIMIENTO Y REPARACIONES;CNO;6;MAY
0015933;;;;2017-02-08 20:13:18;2015-08-16 15:27:18;I;;;5933;001;;;;;;ACT;MANTENIMIENTO Y REPARACION DE VEHICULOS;52020801;5;;5;            MANTENIMIENTO Y REPARACION DE VEHICULOS;CNO;8;AUX
0015934;;;;2017-02-08 20:13:18;2015-08-16 15:27:18;I;;;5934;001;;;;;;ACT;MANTENIMIENTO Y REPARACION OFICINAS;52020802;5;;5;            MANTENIMIENTO Y REPARACION OFICINAS;CNO;8;AUX
0015935;;;;2017-02-08 20:13:19;2015-08-16 15:27:18;I;;;5935;001;;;;;;ACT;MANTENIMIENTO Y REPARACION OTROS ACTIVOS;52020803;5;;5;            MANTENIMIENTO Y REPARACION OTROS ACTIVOS;CNO;8;AUX
0015936;;;;2017-02-08 20:13:19;2015-08-16 15:27:18;I;;;5936;001;;;;;;ACT;ARRENDAMIENTO OPERATIVO;520209;4;;5;          ARRENDAMIENTO OPERATIVO;CNO;6;MAY
0015937;;;;2017-02-08 20:13:19;2015-08-16 15:27:18;I;;;5937;001;;;;;;ACT;ARRENDAMIENTO OPERATIVO;52020901;5;;5;            ARRENDAMIENTO OPERATIVO;CNO;8;AUX
0015938;;;;2017-02-08 20:13:19;2015-08-16 15:27:18;I;;;5938;001;;;;;;ACT;COMISIONES;520210;4;;5;          COMISIONES;CNO;6;AUX
0015939;;;;2017-02-08 20:13:19;2015-08-16 15:27:18;I;;;5939;001;;;;;;ACT;PROMOCIAN Y PUBLICIDAD;520211;4;;5;          PROMOCIAN Y PUBLICIDAD;CNO;6;MAY
0015940;;;;2017-02-08 20:13:19;2015-08-16 15:27:18;I;;;5940;001;;;;;;ACT;EVENTOS Y PROMOCIONES;52021101;5;;5;            EVENTOS Y PROMOCIONES;CNO;8;AUX
0015941;;;;2017-02-08 20:13:19;2015-08-16 15:27:18;I;;;5941;001;;;;;;ACT;COMISIONES;52021102;5;;5;            COMISIONES;CNO;8;AUX
0015942;;;;2017-02-08 20:13:19;2015-08-16 15:27:18;I;;;5942;001;;;;;;ACT;PROPAGANDA Y PUBLICIDAD;52021103;5;;5;            PROPAGANDA Y PUBLICIDAD;CNO;8;AUX
0015943;;;;2017-02-08 20:13:19;2015-08-16 15:27:18;I;;;5943;001;;;;;;ACT;COMBUSTIBLES;520212;4;;5;          COMBUSTIBLES;CNO;6;MAY
0015944;;;;2017-02-08 20:13:19;2015-08-16 15:27:18;I;;;5944;001;;;;;;ACT;COMBUSTIBLES;52021201;5;;5;            COMBUSTIBLES;CNO;8;AUX
0015945;;;;2017-02-08 20:13:19;2015-08-16 15:27:18;I;;;5945;001;;;;;;ACT;LUBRICANTES;520213;4;;5;          LUBRICANTES;CNO;6;MAY
0015946;;;;2017-02-08 20:13:19;2015-08-16 15:27:18;I;;;5946;001;;;;;;ACT;COMBUSTIBLES;52021301;5;;5;            COMBUSTIBLES;CNO;8;AUX
0015947;;;;2017-02-08 20:13:19;2015-08-16 15:27:18;I;;;5947;001;;;;;;ACT;SEGUROS Y REASEGUROS (PRIMAS Y CESIONES);520214;4;;5;          SEGUROS Y REASEGUROS (PRIMAS Y CESIONES);CNO;6;MAY
0015948;;;;2017-02-08 20:13:19;2015-08-16 15:27:18;I;;;5948;001;;;;;;ACT;SEGUROS MEDICOS;52021401;5;;5;            SEGUROS MEDICOS;CNO;8;AUX
0015949;;;;2017-02-08 20:13:19;2015-08-16 15:27:18;I;;;5949;001;;;;;;ACT;SEGUROS TRANSPORTE;52021402;5;;5;            SEGUROS TRANSPORTE;CNO;8;AUX
0015950;;;;2017-02-08 20:13:19;2015-08-16 15:27:18;I;;;5950;001;;;;;;ACT;SEGURIDAD PRIVADA;52021403;5;;5;            SEGURIDAD PRIVADA;CNO;8;AUX
0015951;;;;2017-02-08 20:13:19;2015-08-16 15:27:18;I;;;5951;001;;;;;;ACT;TRANSPORTE;520215;4;;5;          TRANSPORTE;CNO;6;MAY
0015952;;;;2017-02-08 20:13:19;2015-08-16 15:27:18;I;;;5952;001;;;;;;ACT;ALQUILER VEHICULO PS;52021501;5;;5;            ALQUILER VEHICULO PS;CNO;8;AUX
0015953;;;;2017-02-08 20:13:19;2015-08-16 15:27:18;I;;;5953;001;;;;;;ACT;FLETES Y CORRESPONDENCIA;52021502;5;;5;            FLETES Y CORRESPONDENCIA;CNO;8;AUX
0015954;;;;2017-02-08 20:13:19;2015-08-16 15:27:18;I;;;5954;001;;;;;;ACT;GASTOS DE GESTIAN (AGASAJOS A ACCIO-TRAB-CLIEN);520216;4;;5;          GASTOS DE GESTIAN (AGASAJOS A ACCIO-TRAB-CLIEN);CNO;6;MAY
0015955;;;;2017-02-08 20:13:19;2015-08-16 15:27:18;I;;;5955;001;;;;;;ACT;ATENCIÓN DIRECTIVOS;52021601;5;;5;            ATENCIÓN DIRECTIVOS;CNO;8;AUX
0015956;;;;2017-02-08 20:13:19;2015-08-16 15:27:18;I;;;5956;001;;;;;;ACT;ATENCIÓN CLIENTES;52021602;5;;5;            ATENCIÓN CLIENTES;CNO;8;AUX
0015957;;;;2017-02-08 20:13:19;2015-08-16 15:27:18;I;;;5957;001;;;;;;ACT;AGASAJOS EMPLEADOS;52021603;5;;5;            AGASAJOS EMPLEADOS;CNO;8;AUX
0015958;;;;2017-02-08 20:13:19;2015-08-16 15:27:18;I;;;5958;001;;;;;;ACT;CAPACITACIONES;52021604;5;;5;            CAPACITACIONES;CNO;8;AUX
0015959;;;;2017-02-08 20:13:19;2015-08-16 15:27:18;I;;;5959;001;;;;;;ACT;GASTOS DE VIAJE;520217;4;;5;          GASTOS DE VIAJE;CNO;6;MAY
0015960;;;;2017-02-08 20:13:19;2015-08-16 15:27:18;I;;;5960;001;;;;;;ACT;VIAJES INTERNACIONALES;52021701;5;;5;            VIAJES INTERNACIONALES;CNO;8;AUX
0015961;;;;2017-02-08 20:13:19;2015-08-16 15:27:18;I;;;5961;001;;;;;;ACT;VIAJES LOCALES;52021702;5;;5;            VIAJES LOCALES;CNO;8;AUX
0015962;;;;2017-02-08 20:13:19;2015-08-16 15:27:18;I;;;5962;001;;;;;;ACT;HOSPEDAJES;52021703;5;;5;            HOSPEDAJES;CNO;8;AUX
0015963;;;;2017-02-08 20:13:19;2015-08-16 15:27:18;I;;;5963;001;;;;;;ACT;AGUA. ENERG+A. LUZ. Y TELECOMUNICACIONES;520218;4;;5;          AGUA. ENERG+A. LUZ. Y TELECOMUNICACIONES;CNO;6;MAY
0015964;;;;2017-02-08 20:13:19;2015-08-16 15:27:18;I;;;5964;001;;;;;;ACT;LUZ Y AGUA;52021801;5;;5;            LUZ Y AGUA;CNO;8;AUX
0015965;;;;2017-02-08 20:13:19;2015-08-16 15:27:18;I;;;5965;001;;;;;;ACT;INTERNET Y DIRECTV;52021802;5;;5;            INTERNET Y DIRECTV;CNO;8;AUX
0015966;;;;2017-02-08 20:13:19;2015-08-16 15:27:18;I;;;5966;001;;;;;;ACT;TELECOMUNICACIONES;52021803;5;;5;            TELECOMUNICACIONES;CNO;8;AUX
0015967;;;;2017-02-08 20:13:19;2015-08-16 15:27:18;I;;;5967;001;;;;;;ACT;NOTARIOS Y REGISTRADORES DE LA PROPIEDAD O MERCANT;520219;4;;5;          NOTARIOS Y REGISTRADORES DE LA PROPIEDAD O MERCANT;CNO;6;MAY
0015968;;;;2017-02-08 20:13:19;2015-08-16 15:27:18;I;;;5968;001;;;;;;ACT;GASTOS LEGALES;52021901;5;;5;            GASTOS LEGALES;CNO;8;AUX
0015969;;;;2017-02-08 20:13:19;2015-08-16 15:27:18;I;;;5969;001;;;;;;ACT;IMPUESTOS. CONTRIBUCIONES Y OTROS;520220;4;;5;          IMPUESTOS. CONTRIBUCIONES Y OTROS;CNO;6;AUX
0015970;;;;2017-02-08 20:13:19;2015-08-16 15:27:18;I;;;5970;001;;;;;;ACT;DEPRECIACIONES:;520221;4;;5;          DEPRECIACIONES:;CNO;6;MAY
0015971;;;;2017-02-08 20:13:19;2015-08-16 15:27:18;I;;;5971;001;;;;;;ACT;PROPIEDADES. PLANTA Y EQUIPO;52022101;5;;5;            PROPIEDADES. PLANTA Y EQUIPO;CNO;8;AUX
0015972;;;;2017-02-08 20:13:19;2015-08-16 15:27:18;I;;;5972;001;;;;;;ACT;PROPIEDADES DE INVERSIÓN;52022102;5;;5;            PROPIEDADES DE INVERSIÓN;CNO;8;AUX
0015973;;;;2017-02-08 20:13:19;2015-08-16 15:27:18;I;;;5973;001;;;;;;ACT;AMORTIZACIONES:;520222;4;;5;          AMORTIZACIONES:;CNO;6;MAY
0015974;;;;2017-02-08 20:13:19;2015-08-16 15:27:18;I;;;5974;001;;;;;;ACT;INTANGIBLES;52022201;5;;5;            INTANGIBLES;CNO;8;AUX
0015975;;;;2017-02-08 20:13:19;2015-08-16 15:27:18;I;;;5975;001;;;;;;ACT;OTROS ACTIVOS;52022202;5;;5;            OTROS ACTIVOS;CNO;8;AUX
0015976;;;;2017-02-08 20:13:19;2015-08-16 15:27:18;I;;;5976;001;;;;;;ACT;GASTO DETERIORO:;520223;4;;5;          GASTO DETERIORO:;CNO;6;MAY
0015977;;;;2017-02-08 20:13:19;2015-08-16 15:27:18;I;;;5977;001;;;;;;ACT;PROPIEDADES. PLANTA Y EQUIPO;52022301;5;;5;            PROPIEDADES. PLANTA Y EQUIPO;CNO;8;AUX
0015978;;;;2017-02-08 20:13:19;2015-08-16 15:27:18;I;;;5978;001;;;;;;ACT;INVENTARIOS;52022302;5;;5;            INVENTARIOS;CNO;8;AUX
0015979;;;;2017-02-08 20:13:19;2015-08-16 15:27:18;I;;;5979;001;;;;;;ACT;INSTRUMENTOS FINANCIEROS;52022303;5;;5;            INSTRUMENTOS FINANCIEROS;CNO;8;AUX
0015980;;;;2017-02-08 20:13:19;2015-08-16 15:27:18;I;;;5980;001;;;;;;ACT;INTANGIBLES;52022304;5;;5;            INTANGIBLES;CNO;8;AUX
0015981;;;;2017-02-08 20:13:19;2015-08-16 15:27:18;I;;;5981;001;;;;;;ACT;CUENTAS POR COBRAR;52022305;5;;5;            CUENTAS POR COBRAR;CNO;8;AUX
0015982;;;;2017-02-08 20:13:19;2015-08-16 15:27:18;I;;;5982;001;;;;;;ACT;OTROS ACTIVOS;52022306;5;;5;            OTROS ACTIVOS;CNO;8;AUX
0015983;;;;2017-02-08 20:13:19;2015-08-16 15:27:18;I;;;5983;001;;;;;;ACT;GASTO POR REESTRUCTURACION;520224;4;;5;          GASTO POR REESTRUCTURACION;CNO;6;MAY
0015984;;;;2017-02-08 20:13:19;2015-08-16 15:27:18;I;;;5984;001;;;;;;ACT;VALOR NETO DE REALIZACION DE INVENTARIOS;52022401;5;;5;            VALOR NETO DE REALIZACION DE INVENTARIOS;CNO;8;AUX
0015985;;;;2017-02-08 20:13:19;2015-08-16 15:27:18;I;;;5985;001;;;;;;ACT;GASTO IMPUESTO A LA RENTA (ACTIVOS Y PASIVOS DIFER;52022402;5;;5;            GASTO IMPUESTO A LA RENTA (ACTIVOS Y PASIVOS DIFER;CNO;8;AUX
0015986;;;;2017-02-08 20:13:19;2015-08-16 15:27:18;I;;;5986;001;;;;;;ACT;OTROS GASTOS;52022403;5;;5;            OTROS GASTOS;CNO;8;AUX
0015987;;;;2017-02-08 20:13:19;2015-08-16 15:27:18;I;;;5987;001;;;;;;ACT;OTROS GASTOS;520225;4;;5;          OTROS GASTOS;CNO;6;MAY
0015988;;;;2017-02-08 20:13:19;2015-08-16 15:27:18;I;;;5988;001;;;;;;ACT;SUMINISTROS Y MATERIALES DE OFICINA;52022501;5;;5;            SUMINISTROS Y MATERIALES DE OFICINA;CNO;8;AUX
0015989;;;;2017-02-08 20:13:19;2015-08-16 15:27:18;I;;;5989;001;;;;;;ACT;UTILES DE ASEO Y LIMPIEZA;52022502;5;;5;            UTILES DE ASEO Y LIMPIEZA;CNO;8;AUX
0015990;;;;2017-02-08 20:13:19;2015-08-16 15:27:18;I;;;5990;001;;;;;;ACT;SERVICIOS CALIFICACION PROVEEDORES;52022503;5;;5;            SERVICIOS CALIFICACION PROVEEDORES;CNO;8;AUX
0015991;;;;2017-02-08 20:13:19;2015-08-16 15:27:18;I;;;5991;001;;;;;;ACT;GASTOS FINANCIEROS;5203;3;;5;        GASTOS FINANCIEROS;CNO;4;MAY
0015992;;;;2017-02-08 20:13:19;2015-08-16 15:27:18;I;;;5992;001;;;;;;ACT;INTERESES;520301;4;;5;          INTERESES;CNO;6;MAY
0015993;;;;2017-02-08 20:13:19;2015-08-16 15:27:18;I;;;5993;001;;;;;;ACT;INTERESES;52030101;5;;5;            INTERESES;CNO;8;AUX
0015994;;;;2017-02-08 20:13:19;2015-08-16 15:27:18;I;;;5994;001;;;;;;ACT;COMISIONES;520302;4;;5;          COMISIONES;CNO;6;MAY
0015995;;;;2017-02-08 20:13:19;2015-08-16 15:27:18;I;;;5995;001;;;;;;ACT;COMISIONES BANCARIAS;52030201;5;;5;            COMISIONES BANCARIAS;CNO;8;AUX
0015996;;;;2017-02-08 20:13:19;2015-08-16 15:27:18;I;;;5996;001;;;;;;ACT;GASTO DE FINANCIAMIENTO DE ACTIVOS;520303;4;;5;          GASTO DE FINANCIAMIENTO DE ACTIVOS;CNO;6;AUX
0015997;;;;2017-02-08 20:13:19;2015-08-16 15:27:18;I;;;5997;001;;;;;;ACT;DIFERENCIA EN CAMBIO;520304;4;;5;          DIFERENCIA EN CAMBIO;CNO;6;AUX
0015998;;;;2017-02-08 20:13:19;2015-08-16 15:27:18;I;;;5998;001;;;;;;ACT;OTROS GASTOS FINANCIEROS;520305;4;;5;          OTROS GASTOS FINANCIEROS;CNO;6;MAY
0015999;;;;2017-02-08 20:13:19;2015-08-16 15:27:18;I;;;5999;001;;;;;;ACT;IMPUESTOS BANCARIOS;52030501;5;;5;            IMPUESTOS BANCARIOS;CNO;8;AUX
0016000;;;;2017-02-08 20:13:19;2015-08-16 15:27:18;I;;;6000;001;;;;;;ACT;IMPUESTOS A LA SALIDA DE CAPITALES;52030502;5;;5;            IMPUESTOS A LA SALIDA DE CAPITALES;CNO;8;AUX
0016001;;;;2017-02-08 20:13:19;2015-08-16 15:27:18;I;;;6001;001;;;;;;ACT;PROTESTO DE CHEQUES CLIENTES;52030503;5;;5;            PROTESTO DE CHEQUES CLIENTES;CNO;8;AUX
0016002;;;;2017-02-08 20:13:19;2015-08-16 15:27:18;I;;;6002;001;;;;;;ACT;OTROS GASTOS;5204;3;;5;        OTROS GASTOS;CNO;4;MAY
0016003;;;;2017-02-08 20:13:19;2015-08-16 15:27:18;I;;;6003;001;;;;;;ACT;PERDIDA EN INVERSIONES EN ASOCIADAS/SUBSIDIARIAS Y;520401;4;;5;          PERDIDA EN INVERSIONES EN ASOCIADAS/SUBSIDIARIAS Y;CNO;6;AUX
0016004;;;;2017-02-08 20:13:19;2015-08-16 15:27:18;I;;;6004;001;;;;;;ACT;OTROS;520402;4;;5;          OTROS;CNO;6;MAY
0016005;;;;2017-02-08 20:13:19;2015-08-16 15:27:18;I;;;6005;001;;;;;;ACT;TARJETAS DE CREDITO GND;52040201;5;;5;            TARJETAS DE CREDITO GND;CNO;8;AUX
0016006;;;;2017-02-08 20:13:19;2015-08-16 15:27:18;I;;;6006;001;;;;;;ACT;GASTOS INMATERIALES GND;52040202;5;;5;            GASTOS INMATERIALES GND;CNO;8;AUX
0016007;;;;2017-02-08 20:13:19;2015-08-16 15:27:18;I;;;6007;001;;;;;;ACT;INTERESES Y MULTAS ASUMIDAS GND;52040203;5;;5;            INTERESES Y MULTAS ASUMIDAS GND;CNO;8;AUX
0016008;;;;2017-02-08 20:13:19;2015-08-16 15:27:18;I;;;6008;001;;;;;;ACT;MULTAS EMPLEADOS;52040204;5;;5;            MULTAS EMPLEADOS;CNO;8;AUX
0016009;;;;2017-02-08 20:13:19;2015-08-16 15:27:18;I;;;6009;001;;;;;;ACT;RETENCIONES ASUMIDAS;52040205;5;;5;            RETENCIONES ASUMIDAS;CNO;8;AUX
0016010;;;;2017-02-08 20:13:19;2015-08-16 15:27:18;I;;;6010;001;;;;;;ACT;GANANCIA ( PERDIDA);6;1;;6;GANANCIA ( PERDIDA);CNO;1;MAY
0016011;;;;2017-02-08 20:13:19;2015-08-16 15:27:18;I;;;6011;001;;;;;;ACT;GANANCIA (PÉRDIDA) ANTES DE PARTICIPACIAN TRABAJAD;60;2;;6;      GANANCIA (PÉRDIDA) ANTES DE PARTICIPACIAN TRABAJAD;CNO;2;AUX
0016012;;;;2017-02-08 20:13:19;2015-08-16 15:27:18;I;;;6012;001;;;;;;ACT;PARTICIPACIAN TRABAJADORES;61;2;;6;      PARTICIPACIAN TRABAJADORES;CNO;2;AUX
0016013;;;;2017-02-08 20:13:19;2015-08-16 15:27:18;I;;;6013;001;;;;;;ACT;GANANCIA (PÉRDIDA) ANTES DE IMPUESTOS ( C );62;2;;6;      GANANCIA (PÉRDIDA) ANTES DE IMPUESTOS ( C );CNO;2;AUX
0016014;;;;2017-02-08 20:13:19;2015-08-16 15:27:18;I;;;6014;001;;;;;;ACT;IMPUESTO A LA GANANCIA;63;2;;6;      IMPUESTO A LA GANANCIA;CNO;2;AUX
0016015;;;;2017-02-08 20:13:19;2015-08-16 15:27:18;I;;;6015;001;;;;;;ACT;GANANCIA (PÉRDIDA) DE OPERACIONES CONTINUADAS ( C;64;2;;6;      GANANCIA (PÉRDIDA) DE OPERACIONES CONTINUADAS ( C;CNO;2;AUX
0016016;;;;2017-02-08 20:13:19;2015-08-16 15:27:18;I;;;6016;001;;;;;;ACT;OTROS RESULTADOS INTEGRALES ORI;7;1;;7;OTROS RESULTADOS INTEGRALES ORI;CNO;1;MAY
0016017;;;;2017-02-08 20:13:19;2015-08-16 15:27:18;I;;;6017;001;;;;;;ACT;OTROS RESULTADOS INTEGRALES;71;2;;7;      OTROS RESULTADOS INTEGRALES;CNO;2;MAY
0016018;;;;2017-02-08 20:13:19;2015-08-16 15:27:18;I;;;6018;001;;;;;;ACT;OTROS RESULTADOS INTEGRALES;7101;3;;7;        OTROS RESULTADOS INTEGRALES;CNO;4;MAY
0016019;;;;2017-02-08 20:13:19;2015-08-16 15:27:18;I;;;6019;001;;;;;;ACT;INGRESOS POR REVALUACIÓN DE ACTIVOS;710101;4;;7;          INGRESOS POR REVALUACIÓN DE ACTIVOS;CNO;6;AUX
0016020;;;;2017-02-08 20:13:19;2015-08-16 15:27:18;I;;;6020;001;;;;;;ACT;GASTOS POR REVALUACIÓN DE ACTIVOS;710102;4;;7;          GASTOS POR REVALUACIÓN DE ACTIVOS;CNO;6;AUX
0016021;;;;2017-02-08 20:13:19;2015-08-16 15:27:18;I;;;6021;001;;;;;;ACT;INGRESO POR DIFERENCIAL CAMBIARIO EN MONEDA EXTRAN;710103;4;;7;          INGRESO POR DIFERENCIAL CAMBIARIO EN MONEDA EXTRAN;CNO;6;AUX
0016022;;;;2017-02-08 20:13:19;2015-08-16 15:27:18;I;;;6022;001;;;;;;ACT;GASTO POR DIFERENCIAL CAMBIARIO EN MONEDA EXTRANJE;710104;4;;7;          GASTO POR DIFERENCIAL CAMBIARIO EN MONEDA EXTRANJE;CNO;6;AUX
0016023;;;;2017-02-08 20:13:19;2015-08-16 15:27:18;I;;;6023;001;;;;;;ACT;OTROS EGRESOS;72;2;;7;      OTROS EGRESOS;CNO;2;MAY
0016024;;;;2017-02-08 20:13:19;2015-08-16 15:27:18;I;;;6024;001;;;;;;ACT;OTROS RESULTADOS;7201;3;;7;        OTROS RESULTADOS;CNO;4;MAY
0016025;;;;2017-02-08 20:13:19;2015-08-16 15:27:18;I;;;6025;001;;;;;;ACT;OTROS RESULTADOS;720101;4;;7;          OTROS RESULTADOS;CNO;6;MAY
0016026;;;;2017-02-08 20:13:19;2015-08-16 15:27:18;I;;;6026;001;;;;;;ACT;OTROS RESULTADOS;72010101;5;;7;            OTROS RESULTADOS;CNO;8;AUX
0016027;;;;2017-02-08 20:13:19;2015-08-16 15:27:18;I;;;6027;001;;;;;;ACT;INTEGRACIÓN;72010102;5;;7;            INTEGRACIÓN;CNO;8;AUX
